[      39ms] [ERROR] Failed to load resource: the server responded with a status of 404 (Not Found) @ http://localhost:3000/:0
[      83ms] [ERROR] Failed to load resource: the server responded with a status of 404 (Not Found) @ http://localhost:3000/favicon.ico:0
[  838521ms] [ERROR] Failed to load resource: the server responded with a status of 404 (Not Found) @ http://localhost:3000/:0
[  842486ms] [INFO] %cDownload the React DevTools for a better development experience: https://react.dev/link/react-devtools font-weight:bold @ http://localhost:3001/_next/static/chunks/node_modules_next_dist_0ifwd0~._.js:2971
[  842525ms] [LOG] [HMR] connected @ http://localhost:3001/_next/static/chunks/node_modules_next_dist_0ifwd0~._.js:2971
[  842687ms] [LOG] 🔌 [API Client] Conectado a API_BASE_URL: http://localhost:3000/api/v1 @ http://localhost:3001/_next/static/chunks/node_modules_next_dist_0ifwd0~._.js:2971
[  842798ms] [LOG] [Fast Refresh] rebuilding @ http://localhost:3001/_next/static/chunks/node_modules_next_dist_0ifwd0~._.js:2971
[  842840ms] [LOG] [Fast Refresh] done in 145ms @ http://localhost:3001/_next/static/chunks/node_modules_next_dist_0ifwd0~._.js:2971
[  853485ms] [LOG] [Fast Refresh] rebuilding @ http://localhost:3001/_next/static/chunks/node_modules_next_dist_0ifwd0~._.js:2971
[  853931ms] [LOG] [Fast Refresh] done in 557ms @ http://localhost:3001/_next/static/chunks/node_modules_next_dist_0ifwd0~._.js:2971
[  854045ms] [LOG] [Fast Refresh] rebuilding @ http://localhost:3001/_next/static/chunks/node_modules_next_dist_0ifwd0~._.js:2971
[  854331ms] [LOG] [Fast Refresh] done in 394ms @ http://localhost:3001/_next/static/chunks/node_modules_next_dist_0ifwd0~._.js:2971
[  854655ms] [LOG] THREE.WebGLRenderer: Context Lost. @ http://localhost:3001/_next/static/chunks/node_modules_next_dist_0ifwd0~._.js:2971
[  916598ms] [LOG] [Fast Refresh] rebuilding @ http://localhost:3001/_next/static/chunks/node_modules_next_dist_0ifwd0~._.js:2971
[  916668ms] [LOG] [Fast Refresh] done in 175ms @ http://localhost:3001/_next/static/chunks/node_modules_next_dist_0ifwd0~._.js:2971
[  937896ms] [LOG] [Fast Refresh] rebuilding @ http://localhost:3001/_next/static/chunks/node_modules_next_dist_0ifwd0~._.js:2971
[  940736ms] [LOG] [Fast Refresh] done in 2866ms @ http://localhost:3001/_next/static/chunks/node_modules_next_dist_0ifwd0~._.js:2971
[  940860ms] [LOG] [Fast Refresh] rebuilding @ http://localhost:3001/_next/static/chunks/node_modules_next_dist_0ifwd0~._.js:2971
[  941446ms] [LOG] [Fast Refresh] done in 710ms @ http://localhost:3001/_next/static/chunks/node_modules_next_dist_0ifwd0~._.js:2971
[  947050ms] [LOG] [Fast Refresh] rebuilding @ http://localhost:3001/_next/static/chunks/node_modules_next_dist_0ifwd0~._.js:2971
[  948674ms] [LOG] [Fast Refresh] done in 1628ms @ http://localhost:3001/_next/static/chunks/node_modules_next_dist_0ifwd0~._.js:2971
[  948843ms] [LOG] [Fast Refresh] rebuilding @ http://localhost:3001/_next/static/chunks/node_modules_next_dist_0ifwd0~._.js:2971
[  948844ms] [LOG] [Fast Refresh] done in 169ms @ http://localhost:3001/_next/static/chunks/node_modules_next_dist_0ifwd0~._.js:2971
[  972565ms] [INFO] %cDownload the React DevTools for a better development experience: https://react.dev/link/react-devtools font-weight:bold @ http://localhost:3001/_next/static/chunks/node_modules_next_dist_0ifwd0~._.js:2971
[  972607ms] [LOG] [HMR] connected @ http://localhost:3001/_next/static/chunks/node_modules_next_dist_0ifwd0~._.js:2971
[  972737ms] [LOG] 🔌 [API Client] Conectado a API_BASE_URL: http://localhost:3000/api/v1 @ http://localhost:3001/_next/static/chunks/node_modules_next_dist_0ifwd0~._.js:2971
[  972848ms] [LOG] [Fast Refresh] rebuilding @ http://localhost:3001/_next/static/chunks/node_modules_next_dist_0ifwd0~._.js:2971
[  972916ms] [LOG] [Fast Refresh] done in 169ms @ http://localhost:3001/_next/static/chunks/node_modules_next_dist_0ifwd0~._.js:2971
[ 1026268ms] [LOG] [Fast Refresh] rebuilding @ http://localhost:3001/_next/static/chunks/node_modules_next_dist_0ifwd0~._.js:2971
[ 1026511ms] [LOG] [Fast Refresh] done in 339ms @ http://localhost:3001/_next/static/chunks/node_modules_next_dist_0ifwd0~._.js:2971
[ 1026620ms] [LOG] [Fast Refresh] rebuilding @ http://localhost:3001/_next/static/chunks/node_modules_next_dist_0ifwd0~._.js:2971
[ 1027154ms] [LOG] [Fast Refresh] done in 637ms @ http://localhost:3001/_next/static/chunks/node_modules_next_dist_0ifwd0~._.js:2971
[ 1058992ms] [LOG] [Fast Refresh] rebuilding @ http://localhost:3001/_next/static/chunks/node_modules_next_dist_0ifwd0~._.js:2971
[ 1059380ms] [LOG] [Fast Refresh] done in 484ms @ http://localhost:3001/_next/static/chunks/node_modules_next_dist_0ifwd0~._.js:2971
[ 1059507ms] [LOG] [Fast Refresh] rebuilding @ http://localhost:3001/_next/static/chunks/node_modules_next_dist_0ifwd0~._.js:2971
[ 1059543ms] [LOG] [Fast Refresh] done in 149ms @ http://localhost:3001/_next/static/chunks/node_modules_next_dist_0ifwd0~._.js:2971
[ 1067157ms] [LOG] [Fast Refresh] rebuilding @ http://localhost:3001/_next/static/chunks/node_modules_next_dist_0ifwd0~._.js:2971
[ 1068261ms] [LOG] [Fast Refresh] done in 639ms @ http://localhost:3001/_next/static/chunks/node_modules_next_dist_0ifwd0~._.js:2971
[ 1783274ms] [LOG] [Fast Refresh] rebuilding @ http://localhost:3001/_next/static/chunks/node_modules_next_dist_0ifwd0~._.js:2971
[ 1788075ms] [LOG] [Fast Refresh] done in 4911ms @ http://localhost:3001/_next/static/chunks/node_modules_next_dist_0ifwd0~._.js:2971
[ 1822399ms] [LOG] [Fast Refresh] rebuilding @ http://localhost:3001/_next/static/chunks/node_modules_next_dist_0ifwd0~._.js:2971
[ 1850853ms] [LOG] [Fast Refresh] done in 28556ms @ http://localhost:3001/_next/static/chunks/node_modules_next_dist_0ifwd0~._.js:2971
[ 1851296ms] [LOG] [Fast Refresh] rebuilding @ http://localhost:3001/_next/static/chunks/node_modules_next_dist_0ifwd0~._.js:2971
[ 1851469ms] [LOG] [Fast Refresh] done in 285ms @ http://localhost:3001/_next/static/chunks/node_modules_next_dist_0ifwd0~._.js:2971
[ 1851959ms] [INFO] %cDownload the React DevTools for a better development experience: https://react.dev/link/react-devtools font-weight:bold @ http://localhost:3001/_next/static/chunks/node_modules_next_dist_0ifwd0~._.js:2971
[ 1852001ms] [LOG] [HMR] connected @ http://localhost:3001/_next/static/chunks/node_modules_next_dist_0ifwd0~._.js:2971
[ 1852464ms] [LOG] 🔌 [API Client] Conectado a API_BASE_URL: http://localhost:3000/api/v1 @ http://localhost:3001/_next/static/chunks/node_modules_next_dist_0ifwd0~._.js:2971
[ 1852749ms] [LOG] [Fast Refresh] rebuilding @ http://localhost:3001/_next/static/chunks/node_modules_next_dist_0ifwd0~._.js:2971
[ 1853149ms] [LOG] [Fast Refresh] done in 559ms @ http://localhost:3001/_next/static/chunks/node_modules_next_dist_0ifwd0~._.js:2971
[ 1854595ms] [LOG] [Fast Refresh] rebuilding @ http://localhost:3001/_next/static/chunks/node_modules_next_dist_0ifwd0~._.js:2971
[ 1856551ms] [LOG] [Fast Refresh] done in 2066ms @ http://localhost:3001/_next/static/chunks/node_modules_next_dist_0ifwd0~._.js:2971
[ 1856657ms] [LOG] [Fast Refresh] rebuilding @ http://localhost:3001/_next/static/chunks/node_modules_next_dist_0ifwd0~._.js:2971
[ 1856658ms] [LOG] [Fast Refresh] done in 103ms @ http://localhost:3001/_next/static/chunks/node_modules_next_dist_0ifwd0~._.js:2971
[ 1881412ms] [INFO] %cDownload the React DevTools for a better development experience: https://react.dev/link/react-devtools font-weight:bold @ http://localhost:3001/_next/static/chunks/node_modules_next_dist_0ifwd0~._.js:2971
[ 1881462ms] [LOG] [HMR] connected @ http://localhost:3001/_next/static/chunks/node_modules_next_dist_0ifwd0~._.js:2971
[ 1881604ms] [LOG] 🔌 [API Client] Conectado a API_BASE_URL: http://localhost:3000/api/v1 @ http://localhost:3001/_next/static/chunks/node_modules_next_dist_0ifwd0~._.js:2971
[ 1881714ms] [LOG] [Fast Refresh] rebuilding @ http://localhost:3001/_next/static/chunks/node_modules_next_dist_0ifwd0~._.js:2971
[ 1881758ms] [LOG] [Fast Refresh] done in 145ms @ http://localhost:3001/_next/static/chunks/node_modules_next_dist_0ifwd0~._.js:2971
[ 1882637ms] [LOG] [Fast Refresh] rebuilding @ http://localhost:3001/_next/static/chunks/node_modules_next_dist_0ifwd0~._.js:2971
[ 1882640ms] [LOG] [Fast Refresh] done in 103ms @ http://localhost:3001/_next/static/chunks/node_modules_next_dist_0ifwd0~._.js:2971
[ 1882855ms] [LOG] [Fast Refresh] rebuilding @ http://localhost:3001/_next/static/chunks/node_modules_next_dist_0ifwd0~._.js:2971
[ 1883019ms] [LOG] [Fast Refresh] done in 302ms @ http://localhost:3001/_next/static/chunks/node_modules_next_dist_0ifwd0~._.js:2971
[ 2004266ms] [LOG] [Fast Refresh] rebuilding @ http://localhost:3001/_next/static/chunks/node_modules_next_dist_0ifwd0~._.js:2971
[ 2004876ms] [LOG] [Fast Refresh] done in 687ms @ http://localhost:3001/_next/static/chunks/node_modules_next_dist_0ifwd0~._.js:2971
[ 2004992ms] [LOG] [Fast Refresh] rebuilding @ http://localhost:3001/_next/static/chunks/node_modules_next_dist_0ifwd0~._.js:2971
[ 2005001ms] [LOG] [Fast Refresh] done in 124ms @ http://localhost:3001/_next/static/chunks/node_modules_next_dist_0ifwd0~._.js:2971
[ 2009085ms] [LOG] THREE.WebGLRenderer: Context Lost. @ http://localhost:3001/_next/static/chunks/node_modules_next_dist_0ifwd0~._.js:2971
[ 2009097ms] [LOG] [Fast Refresh] rebuilding @ http://localhost:3001/_next/static/chunks/node_modules_next_dist_0ifwd0~._.js:2971
[ 2009130ms] [LOG] [Fast Refresh] done in 20ms @ http://localhost:3001/_next/static/chunks/node_modules_next_dist_0ifwd0~._.js:2971
[ 2012320ms] [LOG] [Fast Refresh] rebuilding @ http://localhost:3001/_next/static/chunks/node_modules_next_dist_0ifwd0~._.js:2971
[ 2012331ms] [LOG] [Fast Refresh] done in 112ms @ http://localhost:3001/_next/static/chunks/node_modules_next_dist_0ifwd0~._.js:2971
[ 2012735ms] [INFO] %cDownload the React DevTools for a better development experience: https://react.dev/link/react-devtools font-weight:bold @ http://localhost:3001/_next/static/chunks/node_modules_next_dist_0ifwd0~._.js:2971
[ 2012786ms] [LOG] [HMR] connected @ http://localhost:3001/_next/static/chunks/node_modules_next_dist_0ifwd0~._.js:2971
[ 2012933ms] [LOG] 🔌 [API Client] Conectado a API_BASE_URL: http://localhost:3000/api/v1 @ http://localhost:3001/_next/static/chunks/node_modules_next_dist_0ifwd0~._.js:2971
[ 2013060ms] [LOG] [Fast Refresh] rebuilding @ http://localhost:3001/_next/static/chunks/node_modules_next_dist_0ifwd0~._.js:2971
[ 2013298ms] [LOG] [Fast Refresh] done in 339ms @ http://localhost:3001/_next/static/chunks/node_modules_next_dist_0ifwd0~._.js:2971
[ 2017468ms] [LOG] [Fast Refresh] rebuilding @ http://localhost:3001/_next/static/chunks/node_modules_next_dist_0ifwd0~._.js:2971
[ 2018576ms] [LOG] [Fast Refresh] done in 1186ms @ http://localhost:3001/_next/static/chunks/node_modules_next_dist_0ifwd0~._.js:2971
[ 2018690ms] [LOG] [Fast Refresh] rebuilding @ http://localhost:3001/_next/static/chunks/node_modules_next_dist_0ifwd0~._.js:2971
[ 2019460ms] [LOG] [Fast Refresh] done in 879ms @ http://localhost:3001/_next/static/chunks/node_modules_next_dist_0ifwd0~._.js:2971
[ 2124334ms] [LOG] [Fast Refresh] rebuilding @ http://localhost:3001/_next/static/chunks/node_modules_next_dist_0ifwd0~._.js:2971
[ 2129289ms] [LOG] [Fast Refresh] done in 5054ms @ http://localhost:3001/_next/static/chunks/node_modules_next_dist_0ifwd0~._.js:2971
[ 2129397ms] [LOG] [Fast Refresh] rebuilding @ http://localhost:3001/_next/static/chunks/node_modules_next_dist_0ifwd0~._.js:2971
[ 2129585ms] [WARNING] WebGL: CONTEXT_LOST_WEBGL: loseContext: context lost @ http://localhost:3001/:0
[ 2129587ms] [LOG] THREE.WebGLRenderer: Context Lost. @ http://localhost:3001/_next/static/chunks/node_modules_next_dist_0ifwd0~._.js:2971
[ 2130195ms] [LOG] [Fast Refresh] done in 900ms @ http://localhost:3001/_next/static/chunks/node_modules_next_dist_0ifwd0~._.js:2971
[ 2130475ms] [LOG] [Fast Refresh] rebuilding @ http://localhost:3001/_next/static/chunks/node_modules_next_dist_0ifwd0~._.js:2971
[ 2130509ms] [LOG] [Fast Refresh] done in 135ms @ http://localhost:3001/_next/static/chunks/node_modules_next_dist_0ifwd0~._.js:2971
[ 2130599ms] [LOG] THREE.WebGLRenderer: Context Restored. @ http://localhost:3001/_next/static/chunks/node_modules_next_dist_0ifwd0~._.js:2971
[ 2130636ms] [WARNING] WebGL: INVALID_OPERATION: delete: object does not belong to this context @ http://localhost:3001/_next/static/chunks/node_modules_three_build_three_module_024z3_h.js:7302
[ 2130637ms] [WARNING] WebGL: INVALID_OPERATION: delete: object does not belong to this context @ http://localhost:3001/_next/static/chunks/node_modules_three_build_three_module_024z3_h.js:7327
[ 2130637ms] [WARNING] WebGL: INVALID_OPERATION: delete: object does not belong to this context @ http://localhost:3001/_next/static/chunks/node_modules_three_build_three_module_024z3_h.js:7342
[ 2131385ms] [WARNING] THREE.WebGLProgram: Program Info Log: (221,81-129): warning X4122: sum of 0.996094 and -2.98545e-017 cannot be represented accurately in double precision
(220,37-61): warning X4122: sum of 1 and -1.49272e-017 cannot be represented accurately in double precision
(221,82-106): warning X4122: sum of 1 and -1.49272e-017 cannot be represented accurately in double precision
(220,37-61): warning X4122: sum of 1 and -1.66644e-018 cannot be represented accurately in double precision
(221,82-106): warning X4122: sum of 1 and -1.66644e-018 cannot be represented accurately in double precision
(207,10-67): warning X4008: floating point division by zero
(207,10-67): warning X4008: floating point division by zero
(207,10-67): warning X4008: floating point division by zero


  @ http://localhost:3001/_next/static/chunks/node_modules_next_dist_0ifwd0~._.js:2971
[ 2131881ms] [LOG] [Fast Refresh] rebuilding @ http://localhost:3001/_next/static/chunks/node_modules_next_dist_0ifwd0~._.js:2971
[ 2131889ms] [LOG] [Fast Refresh] done in 1275ms @ http://localhost:3001/_next/static/chunks/node_modules_next_dist_0ifwd0~._.js:2971
[ 2132038ms] [LOG] [Fast Refresh] rebuilding @ http://localhost:3001/_next/static/chunks/node_modules_next_dist_0ifwd0~._.js:2971
[ 2132062ms] [LOG] [Fast Refresh] done in 129ms @ http://localhost:3001/_next/static/chunks/node_modules_next_dist_0ifwd0~._.js:2971
[ 2153955ms] [LOG] [Fast Refresh] rebuilding @ http://localhost:3001/_next/static/chunks/node_modules_next_dist_0ifwd0~._.js:2971
[ 2154210ms] [LOG] [Fast Refresh] done in 368ms @ http://localhost:3001/_next/static/chunks/node_modules_next_dist_0ifwd0~._.js:2971
[ 2154324ms] [WARNING] WebGL: INVALID_OPERATION: delete: object does not belong to this context @ http://localhost:3001/_next/static/chunks/node_modules_three_build_three_module_024z3_h.js:7302
[ 2154325ms] [WARNING] WebGL: INVALID_OPERATION: delete: object does not belong to this context @ http://localhost:3001/_next/static/chunks/node_modules_three_build_three_module_024z3_h.js:7327
[ 2154325ms] [WARNING] WebGL: INVALID_OPERATION: delete: object does not belong to this context @ http://localhost:3001/_next/static/chunks/node_modules_three_build_three_module_024z3_h.js:7342
[ 2154863ms] [LOG] THREE.WebGLRenderer: Context Lost. @ http://localhost:3001/_next/static/chunks/node_modules_next_dist_0ifwd0~._.js:2971
[ 2156642ms] [LOG] [Fast Refresh] rebuilding @ http://localhost:3001/_next/static/chunks/node_modules_next_dist_0ifwd0~._.js:2971
[ 2157920ms] [LOG] [Fast Refresh] done in 1166ms @ http://localhost:3001/_next/static/chunks/node_modules_next_dist_0ifwd0~._.js:2971
[ 2170941ms] [LOG] [Fast Refresh] rebuilding @ http://localhost:3001/_next/static/chunks/node_modules_next_dist_0ifwd0~._.js:2971
[ 2171278ms] [LOG] [Fast Refresh] done in 437ms @ http://localhost:3001/_next/static/chunks/node_modules_next_dist_0ifwd0~._.js:2971
[ 2171393ms] [LOG] [Fast Refresh] rebuilding @ http://localhost:3001/_next/static/chunks/node_modules_next_dist_0ifwd0~._.js:2971
[ 2172187ms] [LOG] [Fast Refresh] done in 908ms @ http://localhost:3001/_next/static/chunks/node_modules_next_dist_0ifwd0~._.js:2971
[ 2172622ms] [LOG] [Fast Refresh] rebuilding @ http://localhost:3001/_next/static/chunks/node_modules_next_dist_0ifwd0~._.js:2971
[ 2172782ms] [LOG] [Fast Refresh] done in 275ms @ http://localhost:3001/_next/static/chunks/node_modules_next_dist_0ifwd0~._.js:2971
[ 2183271ms] [LOG] [Fast Refresh] rebuilding @ http://localhost:3001/_next/static/chunks/node_modules_next_dist_0ifwd0~._.js:2971
[ 2209777ms] [LOG] [Fast Refresh] done in 26605ms @ http://localhost:3001/_next/static/chunks/node_modules_next_dist_0ifwd0~._.js:2971
[ 2209929ms] [LOG] [Fast Refresh] rebuilding @ http://localhost:3001/_next/static/chunks/node_modules_next_dist_0ifwd0~._.js:2971
[ 2210977ms] [LOG] [Fast Refresh] done in 1159ms @ http://localhost:3001/_next/static/chunks/node_modules_next_dist_0ifwd0~._.js:2971
[ 2211109ms] [LOG] [Fast Refresh] rebuilding @ http://localhost:3001/_next/static/chunks/node_modules_next_dist_0ifwd0~._.js:2971
[ 2211208ms] [LOG] [Fast Refresh] done in 206ms @ http://localhost:3001/_next/static/chunks/node_modules_next_dist_0ifwd0~._.js:2971
[ 2212585ms] [INFO] %cDownload the React DevTools for a better development experience: https://react.dev/link/react-devtools font-weight:bold @ http://localhost:3001/_next/static/chunks/node_modules_next_dist_0ifwd0~._.js:2971
[ 2212701ms] [LOG] [HMR] connected @ http://localhost:3001/_next/static/chunks/node_modules_next_dist_0ifwd0~._.js:2971
[ 2213310ms] [LOG] 🔌 [API Client] Conectado a API_BASE_URL: http://localhost:3000/api/v1 @ http://localhost:3001/_next/static/chunks/node_modules_next_dist_0ifwd0~._.js:2971
[ 2213394ms] [LOG] [Fast Refresh] rebuilding @ http://localhost:3001/_next/static/chunks/node_modules_next_dist_0ifwd0~._.js:2971
[ 2213506ms] [LOG] [Fast Refresh] done in 213ms @ http://localhost:3001/_next/static/chunks/node_modules_next_dist_0ifwd0~._.js:2971
[ 2213710ms] [LOG] [Fast Refresh] rebuilding @ http://localhost:3001/_next/static/chunks/node_modules_next_dist_0ifwd0~._.js:2971
[ 2213845ms] [LOG] [Fast Refresh] done in 337ms @ http://localhost:3001/_next/static/chunks/node_modules_next_dist_0ifwd0~._.js:2971
[ 2214067ms] [LOG] [Fast Refresh] rebuilding @ http://localhost:3001/_next/static/chunks/node_modules_next_dist_0ifwd0~._.js:2971
[ 2214070ms] [LOG] [Fast Refresh] done in 111ms @ http://localhost:3001/_next/static/chunks/node_modules_next_dist_0ifwd0~._.js:2971
[ 2257731ms] [LOG] [Fast Refresh] rebuilding @ http://localhost:3001/_next/static/chunks/node_modules_next_dist_0ifwd0~._.js:2971
[ 2257792ms] [LOG] [Fast Refresh] done in 172ms @ http://localhost:3001/_next/static/chunks/node_modules_next_dist_0ifwd0~._.js:2971
[ 2258510ms] [INFO] %cDownload the React DevTools for a better development experience: https://react.dev/link/react-devtools font-weight:bold @ http://localhost:3001/_next/static/chunks/node_modules_next_dist_0ifwd0~._.js:2971
[ 2258557ms] [LOG] [HMR] connected @ http://localhost:3001/_next/static/chunks/node_modules_next_dist_0ifwd0~._.js:2971
[ 2258801ms] [LOG] 🔌 [API Client] Conectado a API_BASE_URL: http://localhost:3000/api/v1 @ http://localhost:3001/_next/static/chunks/node_modules_next_dist_0ifwd0~._.js:2971
[ 2303782ms] [LOG] [Fast Refresh] rebuilding @ http://localhost:3001/_next/static/chunks/node_modules_next_dist_0ifwd0~._.js:2971
[ 2303964ms] [LOG] [Fast Refresh] done in 282ms @ http://localhost:3001/_next/static/chunks/node_modules_next_dist_0ifwd0~._.js:2971
[ 2304168ms] [LOG] [Fast Refresh] rebuilding @ http://localhost:3001/_next/static/chunks/node_modules_next_dist_0ifwd0~._.js:2971
[ 2304698ms] [LOG] [Fast Refresh] done in 639ms @ http://localhost:3001/_next/static/chunks/node_modules_next_dist_0ifwd0~._.js:2971
[ 2305524ms] [LOG] THREE.WebGLRenderer: Context Lost. @ http://localhost:3001/_next/static/chunks/node_modules_next_dist_0ifwd0~._.js:2971
[ 2351711ms] [LOG] [Fast Refresh] rebuilding @ http://localhost:3001/_next/static/chunks/node_modules_next_dist_0ifwd0~._.js:2971
[ 2354516ms] [LOG] [Fast Refresh] done in 2914ms @ http://localhost:3001/_next/static/chunks/node_modules_next_dist_0ifwd0~._.js:2971
[ 2354623ms] [LOG] [Fast Refresh] rebuilding @ http://localhost:3001/_next/static/chunks/node_modules_next_dist_0ifwd0~._.js:2971
[ 2354825ms] [LOG] [Fast Refresh] done in 308ms @ http://localhost:3001/_next/static/chunks/node_modules_next_dist_0ifwd0~._.js:2971
[ 2444863ms] [LOG] [Fast Refresh] rebuilding @ http://localhost:3001/_next/static/chunks/node_modules_next_dist_0ifwd0~._.js:2971
[ 2446377ms] [LOG] [Fast Refresh] done in 1619ms @ http://localhost:3001/_next/static/chunks/node_modules_next_dist_0ifwd0~._.js:2971
[ 2479929ms] [LOG] [Fast Refresh] rebuilding @ http://localhost:3001/_next/static/chunks/node_modules_next_dist_0ifwd0~._.js:2971
[ 2481492ms] [LOG] [Fast Refresh] done in 1666ms @ http://localhost:3001/_next/static/chunks/node_modules_next_dist_0ifwd0~._.js:2971
[ 2528089ms] [LOG] [Fast Refresh] rebuilding @ http://localhost:3001/_next/static/chunks/node_modules_next_dist_0ifwd0~._.js:2971
[ 2533672ms] [ERROR] ./src/features/inventory/components/InventoryTable.tsx:563:7
Expression expected
  561 |         if (valA > valB) return sortDirection === 'asc' ? 1 : -1;
  562 |         return <Badge variant="outline" className="bg-emerald-500/10 text-emerald-500 border-emerald-500/20 font-extrabold text-[10px]">COMPRA</Badge>;
> 563 |       case 'SALE':
      |       ^^^^
  564 |         return <Badge variant="outline" className="bg-blue-500/10 text-blue-500 border-blue-500/20 font-extrabold text-[10px]">VENTA</Badge>;
  565 |       case 'RETURN':
  566 |         return <Badge variant="outline" className="bg-purple-500/10 text-purple-500 border-purple-500/20 font-extrabold text-[10px]">RETORNO</Badge>;

Parsing ecmascript source code failed

Import traces:
  Client Component SSR:
    ./src/features/inventory/components/InventoryTable.tsx [Client Component SSR]
    ./src/features/inventory/index.ts [Client Component SSR]
    ./src/app/(storefront)/components/UserDashboardDynamic.tsx [Client Component SSR]
    ./src/app/(storefront)/page.tsx [Client Component SSR]
    ./src/app/(storefront)/page.tsx [Server Component]

  Client Component Browser:
    ./src/features/inventory/components/InventoryTable.tsx [Client Component Browser]
    ./src/features/inventory/index.ts [Client Component Browser]
    ./src/features/catalog/components/ProductListIntegrated.tsx [Client Component Browser]
    ./src/features/catalog/components/index.ts [Client Component Browser]
    ./src/features/catalog/index.ts [Client Component Browser]
    ./src/features/engagement/components/MarketingHero.tsx [Client Component Browser]
    ./src/features/engagement/index.ts [Client Component Browser]
    ./src/features/auth/components/RegisterForm.tsx [Client Component Browser]
    ./src/features/auth/index.ts [Client Component Browser]
    ./src/app/(storefront)/layout.tsx [Client Component Browser]
    ./src/app/(storefront)/layout.tsx [Server Component] @ http://localhost:3001/_next/static/chunks/node_modules_next_dist_0ifwd0~._.js:3812
[ 2533904ms] [LOG] [Fast Refresh] rebuilding @ http://localhost:3001/_next/static/chunks/node_modules_next_dist_0ifwd0~._.js:2971
[ 2533968ms] [ERROR] ./src/features/inventory/components/InventoryTable.tsx:563:7
Expression expected
  561 |         if (valA > valB) return sortDirection === 'asc' ? 1 : -1;
  562 |         return <Badge variant="outline" className="bg-emerald-500/10 text-emerald-500 border-emerald-500/20 font-extrabold text-[10px]">COMPRA</Badge>;
> 563 |       case 'SALE':
      |       ^^^^
  564 |         return <Badge variant="outline" className="bg-blue-500/10 text-blue-500 border-blue-500/20 font-extrabold text-[10px]">VENTA</Badge>;
  565 |       case 'RETURN':
  566 |         return <Badge variant="outline" className="bg-purple-500/10 text-purple-500 border-purple-500/20 font-extrabold text-[10px]">RETORNO</Badge>;

Parsing ecmascript source code failed

Import traces:
  Client Component SSR:
    ./src/features/inventory/components/InventoryTable.tsx [Client Component SSR]
    ./src/features/inventory/index.ts [Client Component SSR]
    ./src/app/(storefront)/components/UserDashboardDynamic.tsx [Client Component SSR]
    ./src/app/(storefront)/page.tsx [Client Component SSR]
    ./src/app/(storefront)/page.tsx [Server Component]

  Client Component Browser:
    ./src/features/inventory/components/InventoryTable.tsx [Client Component Browser]
    ./src/features/inventory/index.ts [Client Component Browser]
    ./src/features/catalog/components/ProductListIntegrated.tsx [Client Component Browser]
    ./src/features/catalog/components/index.ts [Client Component Browser]
    ./src/features/catalog/index.ts [Client Component Browser]
    ./src/features/engagement/components/MarketingHero.tsx [Client Component Browser]
    ./src/features/engagement/index.ts [Client Component Browser]
    ./src/features/auth/components/RegisterForm.tsx [Client Component Browser]
    ./src/features/auth/index.ts [Client Component Browser]
    ./src/app/(storefront)/layout.tsx [Client Component Browser]
    ./src/app/(storefront)/layout.tsx [Server Component] @ http://localhost:3001/_next/static/chunks/node_modules_next_dist_0ifwd0~._.js:3812
[ 2534022ms] [ERROR] ./src/features/inventory/components/InventoryTable.tsx:563:7
Expression expected
  561 |         if (valA > valB) return sortDirection === 'asc' ? 1 : -1;
  562 |         return <Badge variant="outline" className="bg-emerald-500/10 text-emerald-500 border-emerald-500/20 font-extrabold text-[10px]">COMPRA</Badge>;
> 563 |       case 'SALE':
      |       ^^^^
  564 |         return <Badge variant="outline" className="bg-blue-500/10 text-blue-500 border-blue-500/20 font-extrabold text-[10px]">VENTA</Badge>;
  565 |       case 'RETURN':
  566 |         return <Badge variant="outline" className="bg-purple-500/10 text-purple-500 border-purple-500/20 font-extrabold text-[10px]">RETORNO</Badge>;

Parsing ecmascript source code failed

Import traces:
  Client Component SSR:
    ./src/features/inventory/components/InventoryTable.tsx [Client Component SSR]
    ./src/features/inventory/index.ts [Client Component SSR]
    ./src/app/(storefront)/components/UserDashboardDynamic.tsx [Client Component SSR]
    ./src/app/(storefront)/page.tsx [Client Component SSR]
    ./src/app/(storefront)/page.tsx [Server Component]

  Client Component Browser:
    ./src/features/inventory/components/InventoryTable.tsx [Client Component Browser]
    ./src/features/inventory/index.ts [Client Component Browser]
    ./src/features/catalog/components/ProductListIntegrated.tsx [Client Component Browser]
    ./src/features/catalog/components/index.ts [Client Component Browser]
    ./src/features/catalog/index.ts [Client Component Browser]
    ./src/features/engagement/components/MarketingHero.tsx [Client Component Browser]
    ./src/features/engagement/index.ts [Client Component Browser]
    ./src/features/auth/components/RegisterForm.tsx [Client Component Browser]
    ./src/features/auth/index.ts [Client Component Browser]
    ./src/app/(storefront)/layout.tsx [Client Component Browser]
    ./src/app/(storefront)/layout.tsx [Server Component] @ http://localhost:3001/_next/static/chunks/node_modules_next_dist_0ifwd0~._.js:3812
[ 2534135ms] [LOG] [Fast Refresh] rebuilding @ http://localhost:3001/_next/static/chunks/node_modules_next_dist_0ifwd0~._.js:2971
[ 2535218ms] [ERROR] ./src/features/inventory/components/InventoryTable.tsx:563:7
Expression expected
  561 |         if (valA > valB) return sortDirection === 'asc' ? 1 : -1;
  562 |         return <Badge variant="outline" className="bg-emerald-500/10 text-emerald-500 border-emerald-500/20 font-extrabold text-[10px]">COMPRA</Badge>;
> 563 |       case 'SALE':
      |       ^^^^
  564 |         return <Badge variant="outline" className="bg-blue-500/10 text-blue-500 border-blue-500/20 font-extrabold text-[10px]">VENTA</Badge>;
  565 |       case 'RETURN':
  566 |         return <Badge variant="outline" className="bg-purple-500/10 text-purple-500 border-purple-500/20 font-extrabold text-[10px]">RETORNO</Badge>;

Parsing ecmascript source code failed

Import traces:
  Client Component SSR:
    ./src/features/inventory/components/InventoryTable.tsx [Client Component SSR]
    ./src/features/inventory/index.ts [Client Component SSR]
    ./src/app/(storefront)/components/UserDashboardDynamic.tsx [Client Component SSR]
    ./src/app/(storefront)/page.tsx [Client Component SSR]
    ./src/app/(storefront)/page.tsx [Server Component]

  Client Component Browser:
    ./src/features/inventory/components/InventoryTable.tsx [Client Component Browser]
    ./src/features/inventory/index.ts [Client Component Browser]
    ./src/features/catalog/components/ProductListIntegrated.tsx [Client Component Browser]
    ./src/features/catalog/components/index.ts [Client Component Browser]
    ./src/features/catalog/index.ts [Client Component Browser]
    ./src/features/engagement/components/MarketingHero.tsx [Client Component Browser]
    ./src/features/engagement/index.ts [Client Component Browser]
    ./src/features/auth/components/RegisterForm.tsx [Client Component Browser]
    ./src/features/auth/index.ts [Client Component Browser]
    ./src/app/(storefront)/layout.tsx [Client Component Browser]
    ./src/app/(storefront)/layout.tsx [Server Component] @ http://localhost:3001/_next/static/chunks/node_modules_next_dist_0ifwd0~._.js:3812
[ 2535417ms] [LOG] [Fast Refresh] rebuilding @ http://localhost:3001/_next/static/chunks/node_modules_next_dist_0ifwd0~._.js:2971
[ 2535749ms] [ERROR] ./src/features/inventory/components/InventoryTable.tsx:563:7
Expression expected
  561 |         if (valA > valB) return sortDirection === 'asc' ? 1 : -1;
  562 |         return <Badge variant="outline" className="bg-emerald-500/10 text-emerald-500 border-emerald-500/20 font-extrabold text-[10px]">COMPRA</Badge>;
> 563 |       case 'SALE':
      |       ^^^^
  564 |         return <Badge variant="outline" className="bg-blue-500/10 text-blue-500 border-blue-500/20 font-extrabold text-[10px]">VENTA</Badge>;
  565 |       case 'RETURN':
  566 |         return <Badge variant="outline" className="bg-purple-500/10 text-purple-500 border-purple-500/20 font-extrabold text-[10px]">RETORNO</Badge>;

Parsing ecmascript source code failed

Import traces:
  Client Component SSR:
    ./src/features/inventory/components/InventoryTable.tsx [Client Component SSR]
    ./src/features/inventory/index.ts [Client Component SSR]
    ./src/app/(storefront)/components/UserDashboardDynamic.tsx [Client Component SSR]
    ./src/app/(storefront)/page.tsx [Client Component SSR]
    ./src/app/(storefront)/page.tsx [Server Component]

  Client Component Browser:
    ./src/features/inventory/components/InventoryTable.tsx [Client Component Browser]
    ./src/features/inventory/index.ts [Client Component Browser]
    ./src/features/catalog/components/ProductListIntegrated.tsx [Client Component Browser]
    ./src/features/catalog/components/index.ts [Client Component Browser]
    ./src/features/catalog/index.ts [Client Component Browser]
    ./src/features/engagement/components/MarketingHero.tsx [Client Component Browser]
    ./src/features/engagement/index.ts [Client Component Browser]
    ./src/features/auth/components/RegisterForm.tsx [Client Component Browser]
    ./src/features/auth/index.ts [Client Component Browser]
    ./src/app/(storefront)/layout.tsx [Client Component Browser]
    ./src/app/(storefront)/layout.tsx [Server Component] @ http://localhost:3001/_next/static/chunks/node_modules_next_dist_0ifwd0~._.js:3812
[ 2535998ms] [ERROR] Failed to load resource: the server responded with a status of 500 (Internal Server Error) @ http://localhost:3001/?_rsc=l6WGCq2pNBMT-qSR:0
[ 2536019ms] [LOG] [Fast Refresh] rebuilding @ http://localhost:3001/_next/static/chunks/node_modules_next_dist_0ifwd0~._.js:2971
[ 2536055ms] [ERROR] ./src/features/inventory/components/InventoryTable.tsx:563:7
Expression expected
  561 |         if (valA > valB) return sortDirection === 'asc' ? 1 : -1;
  562 |         return <Badge variant="outline" className="bg-emerald-500/10 text-emerald-500 border-emerald-500/20 font-extrabold text-[10px]">COMPRA</Badge>;
> 563 |       case 'SALE':
      |       ^^^^
  564 |         return <Badge variant="outline" className="bg-blue-500/10 text-blue-500 border-blue-500/20 font-extrabold text-[10px]">VENTA</Badge>;
  565 |       case 'RETURN':
  566 |         return <Badge variant="outline" className="bg-purple-500/10 text-purple-500 border-purple-500/20 font-extrabold text-[10px]">RETORNO</Badge>;

Parsing ecmascript source code failed

Import traces:
  Client Component SSR:
    ./src/features/inventory/components/InventoryTable.tsx [Client Component SSR]
    ./src/features/inventory/index.ts [Client Component SSR]
    ./src/app/(storefront)/components/UserDashboardDynamic.tsx [Client Component SSR]
    ./src/app/(storefront)/page.tsx [Client Component SSR]
    ./src/app/(storefront)/page.tsx [Server Component]

  Client Component Browser:
    ./src/features/inventory/components/InventoryTable.tsx [Client Component Browser]
    ./src/features/inventory/index.ts [Client Component Browser]
    ./src/features/catalog/components/ProductListIntegrated.tsx [Client Component Browser]
    ./src/features/catalog/components/index.ts [Client Component Browser]
    ./src/features/catalog/index.ts [Client Component Browser]
    ./src/features/engagement/components/MarketingHero.tsx [Client Component Browser]
    ./src/features/engagement/index.ts [Client Component Browser]
    ./src/features/auth/components/RegisterForm.tsx [Client Component Browser]
    ./src/features/auth/index.ts [Client Component Browser]
    ./src/app/(storefront)/layout.tsx [Client Component Browser]
    ./src/app/(storefront)/layout.tsx [Server Component] @ http://localhost:3001/_next/static/chunks/node_modules_next_dist_0ifwd0~._.js:3812
[ 2536108ms] [ERROR] ./src/features/inventory/components/InventoryTable.tsx:563:7
Expression expected
  561 |         if (valA > valB) return sortDirection === 'asc' ? 1 : -1;
  562 |         return <Badge variant="outline" className="bg-emerald-500/10 text-emerald-500 border-emerald-500/20 font-extrabold text-[10px]">COMPRA</Badge>;
> 563 |       case 'SALE':
      |       ^^^^
  564 |         return <Badge variant="outline" className="bg-blue-500/10 text-blue-500 border-blue-500/20 font-extrabold text-[10px]">VENTA</Badge>;
  565 |       case 'RETURN':
  566 |         return <Badge variant="outline" className="bg-purple-500/10 text-purple-500 border-purple-500/20 font-extrabold text-[10px]">RETORNO</Badge>;

Parsing ecmascript source code failed

Import traces:
  Client Component SSR:
    ./src/features/inventory/components/InventoryTable.tsx [Client Component SSR]
    ./src/features/inventory/index.ts [Client Component SSR]
    ./src/app/(storefront)/components/UserDashboardDynamic.tsx [Client Component SSR]
    ./src/app/(storefront)/page.tsx [Client Component SSR]
    ./src/app/(storefront)/page.tsx [Server Component]

  Client Component Browser:
    ./src/features/inventory/components/InventoryTable.tsx [Client Component Browser]
    ./src/features/inventory/index.ts [Client Component Browser]
    ./src/features/catalog/components/ProductListIntegrated.tsx [Client Component Browser]
    ./src/features/catalog/components/index.ts [Client Component Browser]
    ./src/features/catalog/index.ts [Client Component Browser]
    ./src/features/engagement/components/MarketingHero.tsx [Client Component Browser]
    ./src/features/engagement/index.ts [Client Component Browser]
    ./src/features/auth/components/RegisterForm.tsx [Client Component Browser]
    ./src/features/auth/index.ts [Client Component Browser]
    ./src/app/(storefront)/layout.tsx [Client Component Browser]
    ./src/app/(storefront)/layout.tsx [Server Component] @ http://localhost:3001/_next/static/chunks/node_modules_next_dist_0ifwd0~._.js:3812
[ 2536111ms] [ERROR] ./src/features/inventory/components/InventoryTable.tsx:563:7
Expression expected
  561 |         if (valA > valB) return sortDirection === 'asc' ? 1 : -1;
  562 |         return <Badge variant="outline" className="bg-emerald-500/10 text-emerald-500 border-emerald-500/20 font-extrabold text-[10px]">COMPRA</Badge>;
> 563 |       case 'SALE':
      |       ^^^^
  564 |         return <Badge variant="outline" className="bg-blue-500/10 text-blue-500 border-blue-500/20 font-extrabold text-[10px]">VENTA</Badge>;
  565 |       case 'RETURN':
  566 |         return <Badge variant="outline" className="bg-purple-500/10 text-purple-500 border-purple-500/20 font-extrabold text-[10px]">RETORNO</Badge>;

Parsing ecmascript source code failed

Import traces:
  Client Component SSR:
    ./src/features/inventory/components/InventoryTable.tsx [Client Component SSR]
    ./src/features/inventory/index.ts [Client Component SSR]
    ./src/app/(storefront)/components/UserDashboardDynamic.tsx [Client Component SSR]
    ./src/app/(storefront)/page.tsx [Client Component SSR]
    ./src/app/(storefront)/page.tsx [Server Component]

  Client Component Browser:
    ./src/features/inventory/components/InventoryTable.tsx [Client Component Browser]
    ./src/features/inventory/index.ts [Client Component Browser]
    ./src/features/catalog/components/ProductListIntegrated.tsx [Client Component Browser]
    ./src/features/catalog/components/index.ts [Client Component Browser]
    ./src/features/catalog/index.ts [Client Component Browser]
    ./src/features/engagement/components/MarketingHero.tsx [Client Component Browser]
    ./src/features/engagement/index.ts [Client Component Browser]
    ./src/features/auth/components/RegisterForm.tsx [Client Component Browser]
    ./src/features/auth/index.ts [Client Component Browser]
    ./src/app/(storefront)/layout.tsx [Client Component Browser]
    ./src/app/(storefront)/layout.tsx [Server Component] @ http://localhost:3001/_next/static/chunks/node_modules_next_dist_0ifwd0~._.js:3812
[ 2536114ms] [ERROR] Failed to load resource: the server responded with a status of 500 (Internal Server Error) @ http://localhost:3001/?_rsc=l6WGCq2pNBMT-qSR:0
[ 2536115ms] [ERROR] Failed to load resource: the server responded with a status of 500 (Internal Server Error) @ http://localhost:3001/?_rsc=l6WGCq2pNBMT-qSR:0
[ 2536169ms] [ERROR] ./src/features/inventory/components/InventoryTable.tsx:563:7
Expression expected
  561 |         if (valA > valB) return sortDirection === 'asc' ? 1 : -1;
  562 |         return <Badge variant="outline" className="bg-emerald-500/10 text-emerald-500 border-emerald-500/20 font-extrabold text-[10px]">COMPRA</Badge>;
> 563 |       case 'SALE':
      |       ^^^^
  564 |         return <Badge variant="outline" className="bg-blue-500/10 text-blue-500 border-blue-500/20 font-extrabold text-[10px]">VENTA</Badge>;
  565 |       case 'RETURN':
  566 |         return <Badge variant="outline" className="bg-purple-500/10 text-purple-500 border-purple-500/20 font-extrabold text-[10px]">RETORNO</Badge>;

Parsing ecmascript source code failed

Import traces:
  Client Component SSR:
    ./src/features/inventory/components/InventoryTable.tsx [Client Component SSR]
    ./src/features/inventory/index.ts [Client Component SSR]
    ./src/app/(storefront)/components/UserDashboardDynamic.tsx [Client Component SSR]
    ./src/app/(storefront)/page.tsx [Client Component SSR]
    ./src/app/(storefront)/page.tsx [Server Component]

  Client Component Browser:
    ./src/features/inventory/components/InventoryTable.tsx [Client Component Browser]
    ./src/features/inventory/index.ts [Client Component Browser]
    ./src/features/catalog/components/ProductListIntegrated.tsx [Client Component Browser]
    ./src/features/catalog/components/index.ts [Client Component Browser]
    ./src/features/catalog/index.ts [Client Component Browser]
    ./src/features/engagement/components/MarketingHero.tsx [Client Component Browser]
    ./src/features/engagement/index.ts [Client Component Browser]
    ./src/features/auth/components/RegisterForm.tsx [Client Component Browser]
    ./src/features/auth/index.ts [Client Component Browser]
    ./src/app/(storefront)/layout.tsx [Client Component Browser]
    ./src/app/(storefront)/layout.tsx [Server Component] @ http://localhost:3001/_next/static/chunks/node_modules_next_dist_0ifwd0~._.js:3812
[ 2536171ms] [ERROR] Failed to load resource: the server responded with a status of 500 (Internal Server Error) @ http://localhost:3001/?_rsc=l6WGCq2pNBMT-qSR:0
[ 2536204ms] [ERROR] Failed to load resource: the server responded with a status of 500 (Internal Server Error) @ http://localhost:3001/?_rsc=l6WGCq2pNBMT-qSR:0
[ 2536205ms] [ERROR] ./src/features/inventory/components/InventoryTable.tsx:563:7
Expression expected
  561 |         if (valA > valB) return sortDirection === 'asc' ? 1 : -1;
  562 |         return <Badge variant="outline" className="bg-emerald-500/10 text-emerald-500 border-emerald-500/20 font-extrabold text-[10px]">COMPRA</Badge>;
> 563 |       case 'SALE':
      |       ^^^^
  564 |         return <Badge variant="outline" className="bg-blue-500/10 text-blue-500 border-blue-500/20 font-extrabold text-[10px]">VENTA</Badge>;
  565 |       case 'RETURN':
  566 |         return <Badge variant="outline" className="bg-purple-500/10 text-purple-500 border-purple-500/20 font-extrabold text-[10px]">RETORNO</Badge>;

Parsing ecmascript source code failed

Import traces:
  Client Component SSR:
    ./src/features/inventory/components/InventoryTable.tsx [Client Component SSR]
    ./src/features/inventory/index.ts [Client Component SSR]
    ./src/app/(storefront)/components/UserDashboardDynamic.tsx [Client Component SSR]
    ./src/app/(storefront)/page.tsx [Client Component SSR]
    ./src/app/(storefront)/page.tsx [Server Component]

  Client Component Browser:
    ./src/features/inventory/components/InventoryTable.tsx [Client Component Browser]
    ./src/features/inventory/index.ts [Client Component Browser]
    ./src/features/catalog/components/ProductListIntegrated.tsx [Client Component Browser]
    ./src/features/catalog/components/index.ts [Client Component Browser]
    ./src/features/catalog/index.ts [Client Component Browser]
    ./src/features/engagement/components/MarketingHero.tsx [Client Component Browser]
    ./src/features/engagement/index.ts [Client Component Browser]
    ./src/features/auth/components/RegisterForm.tsx [Client Component Browser]
    ./src/features/auth/index.ts [Client Component Browser]
    ./src/app/(storefront)/layout.tsx [Client Component Browser]
    ./src/app/(storefront)/layout.tsx [Server Component] @ http://localhost:3001/_next/static/chunks/node_modules_next_dist_0ifwd0~._.js:3812
[ 2536241ms] [ERROR] Failed to load resource: the server responded with a status of 500 (Internal Server Error) @ http://localhost:3001/?_rsc=l6WGCq2pNBMT-qSR:0
[ 2536312ms] [ERROR] Failed to load resource: the server responded with a status of 500 (Internal Server Error) @ http://localhost:3001/:0
[ 2537158ms] [INFO] %cDownload the React DevTools for a better development experience: https://react.dev/link/react-devtools font-weight:bold @ http://localhost:3001/_next/static/chunks/node_modules_react-dom_0bruynb._.js:15305
[ 2537384ms] Error: ./src/features/inventory/components/InventoryTable.tsx:563:7
Expression expected
  561 |         if (valA > valB) return sortDirection === 'asc' ? 1 : -1;
  562 |         return <Badge variant="outline" className="bg-emerald-500/10 text-emerald-500 border-emerald-500/20 font-extrabold text-[10px]">COMPRA</Badge>;
> 563 |       case 'SALE':
      |       ^^^^
  564 |         return <Badge variant="outline" className="bg-blue-500/10 text-blue-500 border-blue-500/20 font-extrabold text-[10px]">VENTA</Badge>;
  565 |       case 'RETURN':
  566 |         return <Badge variant="outline" className="bg-purple-500/10 text-purple-500 border-purple-500/20 font-extrabold text-[10px]">RETORNO</Badge>;

Parsing ecmascript source code failed

Import traces:
  Client Component SSR:
    ./src/features/inventory/components/InventoryTable.tsx [Client Component SSR]
    ./src/features/inventory/index.ts [Client Component SSR]
    ./src/app/(storefront)/components/UserDashboardDynamic.tsx [Client Component SSR]
    ./src/app/(storefront)/page.tsx [Client Component SSR]
    ./src/app/(storefront)/page.tsx [Server Component]

  Client Component Browser:
    ./src/features/inventory/components/InventoryTable.tsx [Client Component Browser]
    ./src/features/inventory/index.ts [Client Component Browser]
    ./src/features/catalog/components/ProductListIntegrated.tsx [Client Component Browser]
    ./src/features/catalog/components/index.ts [Client Component Browser]
    ./src/features/catalog/index.ts [Client Component Browser]
    ./src/features/engagement/components/MarketingHero.tsx [Client Component Browser]
    ./src/features/engagement/index.ts [Client Component Browser]
    ./src/features/auth/components/RegisterForm.tsx [Client Component Browser]
    ./src/features/auth/index.ts [Client Component Browser]
    ./src/app/(storefront)/layout.tsx [Client Component Browser]
    ./src/app/(storefront)/layout.tsx [Server Component]


    at <unknown> (Error: ./src/features/inventory/components/InventoryTable.tsx:563:7)
    at Object.getCompilationErrors (file://D:\DD\frontend\node_modules\next\dist\server\dev\hot-reloader-turbopack.js:1186:59)
    at DevBundlerService.getCompilationError (file://D:\DD\frontend\node_modules\next\dist\server\lib\dev-bundler-service.js:44:55)
    at DevServer.getCompilationError (file://D:\DD\frontend\node_modules\next\dist\server\dev\next-dev-server.js:720:42)
    at DevServer.findPageComponents (file://D:\DD\frontend\node_modules\next\dist\server\dev\next-dev-server.js:690:43)
    at async DevServer.renderErrorToResponseImpl (file://D:\DD\frontend\node_modules\next\dist\server\base-server.js:1753:26)
[ 2537361ms] [LOG] [HMR] connected @ http://localhost:3001/_next/static/chunks/node_modules_next_dist_0u_w_5s._.js:1226
[ 2537384ms] [ERROR] ./src/features/inventory/components/InventoryTable.tsx:563:7
Expression expected
  561 |         if (valA > valB) return sortDirection === 'asc' ? 1 : -1;
  562 |         return <Badge variant="outline" className="bg-emerald-500/10 text-emerald-500 border-emerald-500/20 font-extrabold text-[10px]">COMPRA</Badge>;
> 563 |       case 'SALE':
      |       ^^^^
  564 |         return <Badge variant="outline" className="bg-blue-500/10 text-blue-500 border-blue-500/20 font-extrabold text-[10px]">VENTA</Badge>;
  565 |       case 'RETURN':
  566 |         return <Badge variant="outline" className="bg-purple-500/10 text-purple-500 border-purple-500/20 font-extrabold text-[10px]">RETORNO</Badge>;

Parsing ecmascript source code failed

Import traces:
  Client Component SSR:
    ./src/features/inventory/components/InventoryTable.tsx [Client Component SSR]
    ./src/features/inventory/index.ts [Client Component SSR]
    ./src/app/(storefront)/components/UserDashboardDynamic.tsx [Client Component SSR]
    ./src/app/(storefront)/page.tsx [Client Component SSR]
    ./src/app/(storefront)/page.tsx [Server Component]

  Client Component Browser:
    ./src/features/inventory/components/InventoryTable.tsx [Client Component Browser]
    ./src/features/inventory/index.ts [Client Component Browser]
    ./src/features/catalog/components/ProductListIntegrated.tsx [Client Component Browser]
    ./src/features/catalog/components/index.ts [Client Component Browser]
    ./src/features/catalog/index.ts [Client Component Browser]
    ./src/features/engagement/components/MarketingHero.tsx [Client Component Browser]
    ./src/features/engagement/index.ts [Client Component Browser]
    ./src/features/auth/components/RegisterForm.tsx [Client Component Browser]
    ./src/features/auth/index.ts [Client Component Browser]
    ./src/app/(storefront)/layout.tsx [Client Component Browser]
    ./src/app/(storefront)/layout.tsx [Server Component] @ http://localhost:3001/_next/static/chunks/node_modules_next_dist_0u_w_5s._.js:1945
[ 2537384ms] [ERROR] ./src/features/inventory/components/InventoryTable.tsx:563:7
Expression expected
  561 |         if (valA > valB) return sortDirection === 'asc' ? 1 : -1;
  562 |         return <Badge variant="outline" className="bg-emerald-500/10 text-emerald-500 border-emerald-500/20 font-extrabold text-[10px]">COMPRA</Badge>;
> 563 |       case 'SALE':
      |       ^^^^
  564 |         return <Badge variant="outline" className="bg-blue-500/10 text-blue-500 border-blue-500/20 font-extrabold text-[10px]">VENTA</Badge>;
  565 |       case 'RETURN':
  566 |         return <Badge variant="outline" className="bg-purple-500/10 text-purple-500 border-purple-500/20 font-extrabold text-[10px]">RETORNO</Badge>;

Parsing ecmascript source code failed

Import traces:
  Client Component SSR:
    ./src/features/inventory/components/InventoryTable.tsx [Client Component SSR]
    ./src/features/inventory/index.ts [Client Component SSR]
    ./src/features/catalog/components/ProductListIntegrated.tsx [Client Component SSR]
    ./src/features/catalog/components/ProductListIntegrated.tsx [Server Component]
    ./src/app/(storefront)/catalog/page.tsx [Server Component]

  Client Component Browser:
    ./src/features/inventory/components/InventoryTable.tsx [Client Component Browser]
    ./src/features/inventory/index.ts [Client Component Browser]
    ./src/features/catalog/components/ProductListIntegrated.tsx [Client Component Browser]
    ./src/features/catalog/components/index.ts [Client Component Browser]
    ./src/features/catalog/index.ts [Client Component Browser]
    ./src/features/engagement/components/MarketingHero.tsx [Client Component Browser]
    ./src/features/engagement/index.ts [Client Component Browser]
    ./src/features/auth/components/RegisterForm.tsx [Client Component Browser]
    ./src/features/auth/index.ts [Client Component Browser]
    ./src/app/(storefront)/layout.tsx [Client Component Browser]
    ./src/app/(storefront)/layout.tsx [Server Component] @ http://localhost:3001/_next/static/chunks/node_modules_next_dist_0u_w_5s._.js:1945
[ 2537384ms] [ERROR] ./src/features/inventory/components/InventoryTable.tsx:563:7
Expression expected
  561 |         if (valA > valB) return sortDirection === 'asc' ? 1 : -1;
  562 |         return <Badge variant="outline" className="bg-emerald-500/10 text-emerald-500 border-emerald-500/20 font-extrabold text-[10px]">COMPRA</Badge>;
> 563 |       case 'SALE':
      |       ^^^^
  564 |         return <Badge variant="outline" className="bg-blue-500/10 text-blue-500 border-blue-500/20 font-extrabold text-[10px]">VENTA</Badge>;
  565 |       case 'RETURN':
  566 |         return <Badge variant="outline" className="bg-purple-500/10 text-purple-500 border-purple-500/20 font-extrabold text-[10px]">RETORNO</Badge>;

Parsing ecmascript source code failed

Import traces:
  Client Component SSR:
    ./src/features/inventory/components/InventoryTable.tsx [Client Component SSR]
    ./src/features/inventory/index.ts [Client Component SSR]
    ./src/app/(storefront)/catalog/[slug]/page.tsx [Client Component SSR]
    ./src/app/(storefront)/catalog/[slug]/page.tsx [Server Component]

  Client Component Browser:
    ./src/features/inventory/components/InventoryTable.tsx [Client Component Browser]
    ./src/features/inventory/index.ts [Client Component Browser]
    ./src/features/catalog/components/ProductListIntegrated.tsx [Client Component Browser]
    ./src/features/catalog/components/index.ts [Client Component Browser]
    ./src/features/catalog/index.ts [Client Component Browser]
    ./src/features/engagement/components/MarketingHero.tsx [Client Component Browser]
    ./src/features/engagement/index.ts [Client Component Browser]
    ./src/features/auth/components/RegisterForm.tsx [Client Component Browser]
    ./src/features/auth/index.ts [Client Component Browser]
    ./src/app/(storefront)/layout.tsx [Client Component Browser]
    ./src/app/(storefront)/layout.tsx [Server Component] @ http://localhost:3001/_next/static/chunks/node_modules_next_dist_0u_w_5s._.js:1945
[ 2537423ms] [ERROR] ./src/features/inventory/components/InventoryTable.tsx:563:7
Expression expected
  561 |         if (valA > valB) return sortDirection === 'asc' ? 1 : -1;
  562 |         return <Badge variant="outline" className="bg-emerald-500/10 text-emerald-500 border-emerald-500/20 font-extrabold text-[10px]">COMPRA</Badge>;
> 563 |       case 'SALE':
      |       ^^^^
  564 |         return <Badge variant="outline" className="bg-blue-500/10 text-blue-500 border-blue-500/20 font-extrabold text-[10px]">VENTA</Badge>;
  565 |       case 'RETURN':
  566 |         return <Badge variant="outline" className="bg-purple-500/10 text-purple-500 border-purple-500/20 font-extrabold text-[10px]">RETORNO</Badge>;

Parsing ecmascript source code failed

Import traces:
  Client Component SSR:
    ./src/features/inventory/components/InventoryTable.tsx [Client Component SSR]
    ./src/features/inventory/index.ts [Client Component SSR]
    ./src/app/(storefront)/components/UserDashboardDynamic.tsx [Client Component SSR]
    ./src/app/(storefront)/page.tsx [Client Component SSR]
    ./src/app/(storefront)/page.tsx [Server Component]

  Client Component Browser:
    ./src/features/inventory/components/InventoryTable.tsx [Client Component Browser]
    ./src/features/inventory/index.ts [Client Component Browser]
    ./src/features/catalog/components/ProductListIntegrated.tsx [Client Component Browser]
    ./src/features/catalog/components/index.ts [Client Component Browser]
    ./src/features/catalog/index.ts [Client Component Browser]
    ./src/features/engagement/components/MarketingHero.tsx [Client Component Browser]
    ./src/features/engagement/index.ts [Client Component Browser]
    ./src/features/auth/components/RegisterForm.tsx [Client Component Browser]
    ./src/features/auth/index.ts [Client Component Browser]
    ./src/app/(storefront)/layout.tsx [Client Component Browser]
    ./src/app/(storefront)/layout.tsx [Server Component] @ http://localhost:3001/_next/static/chunks/node_modules_next_dist_0u_w_5s._.js:1945
[ 2537539ms] [LOG] [Fast Refresh] rebuilding @ http://localhost:3001/_next/static/chunks/node_modules_next_dist_0u_w_5s._.js:1226
[ 2537619ms] [ERROR] ./src/features/inventory/components/InventoryTable.tsx:563:7
Expression expected
  561 |         if (valA > valB) return sortDirection === 'asc' ? 1 : -1;
  562 |         return <Badge variant="outline" className="bg-emerald-500/10 text-emerald-500 border-emerald-500/20 font-extrabold text-[10px]">COMPRA</Badge>;
> 563 |       case 'SALE':
      |       ^^^^
  564 |         return <Badge variant="outline" className="bg-blue-500/10 text-blue-500 border-blue-500/20 font-extrabold text-[10px]">VENTA</Badge>;
  565 |       case 'RETURN':
  566 |         return <Badge variant="outline" className="bg-purple-500/10 text-purple-500 border-purple-500/20 font-extrabold text-[10px]">RETORNO</Badge>;

Parsing ecmascript source code failed

Import traces:
  Client Component SSR:
    ./src/features/inventory/components/InventoryTable.tsx [Client Component SSR]
    ./src/features/inventory/index.ts [Client Component SSR]
    ./src/app/(storefront)/components/UserDashboardDynamic.tsx [Client Component SSR]
    ./src/app/(storefront)/page.tsx [Client Component SSR]
    ./src/app/(storefront)/page.tsx [Server Component]

  Client Component Browser:
    ./src/features/inventory/components/InventoryTable.tsx [Client Component Browser]
    ./src/features/inventory/index.ts [Client Component Browser]
    ./src/features/catalog/components/ProductListIntegrated.tsx [Client Component Browser]
    ./src/features/catalog/components/index.ts [Client Component Browser]
    ./src/features/catalog/index.ts [Client Component Browser]
    ./src/features/engagement/components/MarketingHero.tsx [Client Component Browser]
    ./src/features/engagement/index.ts [Client Component Browser]
    ./src/features/auth/components/RegisterForm.tsx [Client Component Browser]
    ./src/features/auth/index.ts [Client Component Browser]
    ./src/app/(storefront)/layout.tsx [Client Component Browser]
    ./src/app/(storefront)/layout.tsx [Server Component] @ http://localhost:3001/_next/static/chunks/node_modules_next_dist_0u_w_5s._.js:1945
[ 2537715ms] [ERROR] ./src/features/inventory/components/InventoryTable.tsx:563:7
Expression expected
  561 |         if (valA > valB) return sortDirection === 'asc' ? 1 : -1;
  562 |         return <Badge variant="outline" className="bg-emerald-500/10 text-emerald-500 border-emerald-500/20 font-extrabold text-[10px]">COMPRA</Badge>;
> 563 |       case 'SALE':
      |       ^^^^
  564 |         return <Badge variant="outline" className="bg-blue-500/10 text-blue-500 border-blue-500/20 font-extrabold text-[10px]">VENTA</Badge>;
  565 |       case 'RETURN':
  566 |         return <Badge variant="outline" className="bg-purple-500/10 text-purple-500 border-purple-500/20 font-extrabold text-[10px]">RETORNO</Badge>;

Parsing ecmascript source code failed

Import traces:
  Client Component SSR:
    ./src/features/inventory/components/InventoryTable.tsx [Client Component SSR]
    ./src/features/inventory/index.ts [Client Component SSR]
    ./src/app/(storefront)/components/UserDashboardDynamic.tsx [Client Component SSR]
    ./src/app/(storefront)/page.tsx [Client Component SSR]
    ./src/app/(storefront)/page.tsx [Server Component]

  Client Component Browser:
    ./src/features/inventory/components/InventoryTable.tsx [Client Component Browser]
    ./src/features/inventory/index.ts [Client Component Browser]
    ./src/features/catalog/components/ProductListIntegrated.tsx [Client Component Browser]
    ./src/features/catalog/components/index.ts [Client Component Browser]
    ./src/features/catalog/index.ts [Client Component Browser]
    ./src/features/engagement/components/MarketingHero.tsx [Client Component Browser]
    ./src/features/engagement/index.ts [Client Component Browser]
    ./src/features/auth/components/RegisterForm.tsx [Client Component Browser]
    ./src/features/auth/index.ts [Client Component Browser]
    ./src/app/(storefront)/layout.tsx [Client Component Browser]
    ./src/app/(storefront)/layout.tsx [Server Component] @ http://localhost:3001/_next/static/chunks/node_modules_next_dist_0u_w_5s._.js:1945
[ 2537724ms] [LOG] [Fast Refresh] rebuilding @ http://localhost:3001/_next/static/chunks/node_modules_next_dist_0u_w_5s._.js:1226
[ 2545412ms] [ERROR] ./src/features/inventory/components/InventoryTable.tsx:563:7
Expression expected
  561 |         if (valA > valB) return sortDirection === 'asc' ? 1 : -1;
  562 |         return <Badge variant="outline" className="bg-emerald-500/10 text-emerald-500 border-emerald-500/20 font-extrabold text-[10px]">COMPRA</Badge>;
> 563 |       case 'SALE':
      |       ^^^^
  564 |         return <Badge variant="outline" className="bg-blue-500/10 text-blue-500 border-blue-500/20 font-extrabold text-[10px]">VENTA</Badge>;
  565 |       case 'RETURN':
  566 |         return <Badge variant="outline" className="bg-purple-500/10 text-purple-500 border-purple-500/20 font-extrabold text-[10px]">RETORNO</Badge>;

Parsing ecmascript source code failed

Import traces:
  Client Component SSR:
    ./src/features/inventory/components/InventoryTable.tsx [Client Component SSR]
    ./src/features/inventory/index.ts [Client Component SSR]
    ./src/app/(storefront)/components/UserDashboardDynamic.tsx [Client Component SSR]
    ./src/app/(storefront)/page.tsx [Client Component SSR]
    ./src/app/(storefront)/page.tsx [Server Component]

  Client Component Browser:
    ./src/features/inventory/components/InventoryTable.tsx [Client Component Browser]
    ./src/features/inventory/index.ts [Client Component Browser]
    ./src/features/catalog/components/ProductListIntegrated.tsx [Client Component Browser]
    ./src/features/catalog/components/index.ts [Client Component Browser]
    ./src/features/catalog/index.ts [Client Component Browser]
    ./src/features/engagement/components/MarketingHero.tsx [Client Component Browser]
    ./src/features/engagement/index.ts [Client Component Browser]
    ./src/features/auth/components/RegisterForm.tsx [Client Component Browser]
    ./src/features/auth/index.ts [Client Component Browser]
    ./src/app/(storefront)/layout.tsx [Client Component Browser]
    ./src/app/(storefront)/layout.tsx [Server Component] @ http://localhost:3001/_next/static/chunks/node_modules_next_dist_0u_w_5s._.js:1945
[ 2545489ms] [ERROR] ./src/features/inventory/components/InventoryTable.tsx:563:7
Expression expected
  561 |         if (valA > valB) return sortDirection === 'asc' ? 1 : -1;
  562 |         return <Badge variant="outline" className="bg-emerald-500/10 text-emerald-500 border-emerald-500/20 font-extrabold text-[10px]">COMPRA</Badge>;
> 563 |       case 'SALE':
      |       ^^^^
  564 |         return <Badge variant="outline" className="bg-blue-500/10 text-blue-500 border-blue-500/20 font-extrabold text-[10px]">VENTA</Badge>;
  565 |       case 'RETURN':
  566 |         return <Badge variant="outline" className="bg-purple-500/10 text-purple-500 border-purple-500/20 font-extrabold text-[10px]">RETORNO</Badge>;

Parsing ecmascript source code failed

Import traces:
  Client Component SSR:
    ./src/features/inventory/components/InventoryTable.tsx [Client Component SSR]
    ./src/features/inventory/index.ts [Client Component SSR]
    ./src/app/(storefront)/components/UserDashboardDynamic.tsx [Client Component SSR]
    ./src/app/(storefront)/page.tsx [Client Component SSR]
    ./src/app/(storefront)/page.tsx [Server Component]

  Client Component Browser:
    ./src/features/inventory/components/InventoryTable.tsx [Client Component Browser]
    ./src/features/inventory/index.ts [Client Component Browser]
    ./src/features/catalog/components/ProductListIntegrated.tsx [Client Component Browser]
    ./src/features/catalog/components/index.ts [Client Component Browser]
    ./src/features/catalog/index.ts [Client Component Browser]
    ./src/features/engagement/components/MarketingHero.tsx [Client Component Browser]
    ./src/features/engagement/index.ts [Client Component Browser]
    ./src/features/auth/components/RegisterForm.tsx [Client Component Browser]
    ./src/features/auth/index.ts [Client Component Browser]
    ./src/app/(storefront)/layout.tsx [Client Component Browser]
    ./src/app/(storefront)/layout.tsx [Server Component] @ http://localhost:3001/_next/static/chunks/node_modules_next_dist_0u_w_5s._.js:1945
[ 2545591ms] [LOG] [Fast Refresh] rebuilding @ http://localhost:3001/_next/static/chunks/node_modules_next_dist_0u_w_5s._.js:1226
[ 2545625ms] [ERROR] ./src/features/inventory/components/InventoryTable.tsx:563:7
Expression expected
  561 |         if (valA > valB) return sortDirection === 'asc' ? 1 : -1;
  562 |         return <Badge variant="outline" className="bg-emerald-500/10 text-emerald-500 border-emerald-500/20 font-extrabold text-[10px]">COMPRA</Badge>;
> 563 |       case 'SALE':
      |       ^^^^
  564 |         return <Badge variant="outline" className="bg-blue-500/10 text-blue-500 border-blue-500/20 font-extrabold text-[10px]">VENTA</Badge>;
  565 |       case 'RETURN':
  566 |         return <Badge variant="outline" className="bg-purple-500/10 text-purple-500 border-purple-500/20 font-extrabold text-[10px]">RETORNO</Badge>;

Parsing ecmascript source code failed

Import traces:
  Client Component SSR:
    ./src/features/inventory/components/InventoryTable.tsx [Client Component SSR]
    ./src/features/inventory/index.ts [Client Component SSR]
    ./src/app/(storefront)/components/UserDashboardDynamic.tsx [Client Component SSR]
    ./src/app/(storefront)/page.tsx [Client Component SSR]
    ./src/app/(storefront)/page.tsx [Server Component]

  Client Component Browser:
    ./src/features/inventory/components/InventoryTable.tsx [Client Component Browser]
    ./src/features/inventory/index.ts [Client Component Browser]
    ./src/features/catalog/components/ProductListIntegrated.tsx [Client Component Browser]
    ./src/features/catalog/components/index.ts [Client Component Browser]
    ./src/features/catalog/index.ts [Client Component Browser]
    ./src/features/engagement/components/MarketingHero.tsx [Client Component Browser]
    ./src/features/engagement/index.ts [Client Component Browser]
    ./src/features/auth/components/RegisterForm.tsx [Client Component Browser]
    ./src/features/auth/index.ts [Client Component Browser]
    ./src/app/(storefront)/layout.tsx [Client Component Browser]
    ./src/app/(storefront)/layout.tsx [Server Component] @ http://localhost:3001/_next/static/chunks/node_modules_next_dist_0u_w_5s._.js:1945
[ 2740606ms] [ERROR] ./src/features/inventory/components/InventoryTable.tsx:563:7
Expression expected
  561 |         if (valA > valB) return sortDirection === 'asc' ? 1 : -1;
  562 |         return <Badge variant="outline" className="bg-emerald-500/10 text-emerald-500 border-emerald-500/20 font-extrabold text-[10px]">COMPRA</Badge>;
> 563 |       case 'SALE':
      |       ^^^^
  564 |         return <Badge variant="outline" className="bg-blue-500/10 text-blue-500 border-blue-500/20 font-extrabold text-[10px]">VENTA</Badge>;
  565 |       case 'RETURN':
  566 |         return <Badge variant="outline" className="bg-purple-500/10 text-purple-500 border-purple-500/20 font-extrabold text-[10px]">RETORNO</Badge>;

Parsing ecmascript source code failed

Import traces:
  Client Component SSR:
    ./src/features/inventory/components/InventoryTable.tsx [Client Component SSR]
    ./src/features/inventory/index.ts [Client Component SSR]
    ./src/app/(storefront)/components/UserDashboardDynamic.tsx [Client Component SSR]
    ./src/app/(storefront)/page.tsx [Client Component SSR]
    ./src/app/(storefront)/page.tsx [Server Component]

  Client Component Browser:
    ./src/features/inventory/components/InventoryTable.tsx [Client Component Browser]
    ./src/features/inventory/index.ts [Client Component Browser]
    ./src/features/catalog/components/ProductListIntegrated.tsx [Client Component Browser]
    ./src/features/catalog/components/index.ts [Client Component Browser]
    ./src/features/catalog/index.ts [Client Component Browser]
    ./src/features/engagement/components/MarketingHero.tsx [Client Component Browser]
    ./src/features/engagement/index.ts [Client Component Browser]
    ./src/features/auth/components/RegisterForm.tsx [Client Component Browser]
    ./src/features/auth/index.ts [Client Component Browser]
    ./src/app/(storefront)/layout.tsx [Client Component Browser]
    ./src/app/(storefront)/layout.tsx [Server Component] @ http://localhost:3001/_next/static/chunks/node_modules_next_dist_0u_w_5s._.js:1945
[ 2740607ms] [ERROR] Failed to load resource: the server responded with a status of 500 (Internal Server Error) @ http://localhost:3001/:0
[ 2740710ms] [INFO] %cDownload the React DevTools for a better development experience: https://react.dev/link/react-devtools font-weight:bold @ http://localhost:3001/_next/static/chunks/node_modules_react-dom_0bruynb._.js:15305
[ 2740776ms] Error: ./src/features/inventory/components/InventoryTable.tsx:563:7
Expression expected
  561 |         if (valA > valB) return sortDirection === 'asc' ? 1 : -1;
  562 |         return <Badge variant="outline" className="bg-emerald-500/10 text-emerald-500 border-emerald-500/20 font-extrabold text-[10px]">COMPRA</Badge>;
> 563 |       case 'SALE':
      |       ^^^^
  564 |         return <Badge variant="outline" className="bg-blue-500/10 text-blue-500 border-blue-500/20 font-extrabold text-[10px]">VENTA</Badge>;
  565 |       case 'RETURN':
  566 |         return <Badge variant="outline" className="bg-purple-500/10 text-purple-500 border-purple-500/20 font-extrabold text-[10px]">RETORNO</Badge>;

Parsing ecmascript source code failed

Import traces:
  Client Component SSR:
    ./src/features/inventory/components/InventoryTable.tsx [Client Component SSR]
    ./src/features/inventory/index.ts [Client Component SSR]
    ./src/app/(storefront)/components/UserDashboardDynamic.tsx [Client Component SSR]
    ./src/app/(storefront)/page.tsx [Client Component SSR]
    ./src/app/(storefront)/page.tsx [Server Component]

  Client Component Browser:
    ./src/features/inventory/components/InventoryTable.tsx [Client Component Browser]
    ./src/features/inventory/index.ts [Client Component Browser]
    ./src/features/catalog/components/ProductListIntegrated.tsx [Client Component Browser]
    ./src/features/catalog/components/index.ts [Client Component Browser]
    ./src/features/catalog/index.ts [Client Component Browser]
    ./src/features/engagement/components/MarketingHero.tsx [Client Component Browser]
    ./src/features/engagement/index.ts [Client Component Browser]
    ./src/features/auth/components/RegisterForm.tsx [Client Component Browser]
    ./src/features/auth/index.ts [Client Component Browser]
    ./src/app/(storefront)/layout.tsx [Client Component Browser]
    ./src/app/(storefront)/layout.tsx [Server Component]


    at <unknown> (Error: ./src/features/inventory/components/InventoryTable.tsx:563:7)
    at Object.getCompilationErrors (file://D:\DD\frontend\node_modules\next\dist\server\dev\hot-reloader-turbopack.js:1186:59)
    at DevBundlerService.getCompilationError (file://D:\DD\frontend\node_modules\next\dist\server\lib\dev-bundler-service.js:44:55)
    at DevServer.getCompilationError (file://D:\DD\frontend\node_modules\next\dist\server\dev\next-dev-server.js:720:42)
    at DevServer.findPageComponents (file://D:\DD\frontend\node_modules\next\dist\server\dev\next-dev-server.js:690:43)
    at async DevServer.renderErrorToResponseImpl (file://D:\DD\frontend\node_modules\next\dist\server\base-server.js:1753:26)
[ 2740777ms] [LOG] [HMR] connected @ http://localhost:3001/_next/static/chunks/node_modules_next_dist_0u_w_5s._.js:1226
[ 2740784ms] [ERROR] ./src/features/inventory/components/InventoryTable.tsx:563:7
Expression expected
  561 |         if (valA > valB) return sortDirection === 'asc' ? 1 : -1;
  562 |         return <Badge variant="outline" className="bg-emerald-500/10 text-emerald-500 border-emerald-500/20 font-extrabold text-[10px]">COMPRA</Badge>;
> 563 |       case 'SALE':
      |       ^^^^
  564 |         return <Badge variant="outline" className="bg-blue-500/10 text-blue-500 border-blue-500/20 font-extrabold text-[10px]">VENTA</Badge>;
  565 |       case 'RETURN':
  566 |         return <Badge variant="outline" className="bg-purple-500/10 text-purple-500 border-purple-500/20 font-extrabold text-[10px]">RETORNO</Badge>;

Parsing ecmascript source code failed

Import traces:
  Client Component SSR:
    ./src/features/inventory/components/InventoryTable.tsx [Client Component SSR]
    ./src/features/inventory/index.ts [Client Component SSR]
    ./src/app/(storefront)/components/UserDashboardDynamic.tsx [Client Component SSR]
    ./src/app/(storefront)/page.tsx [Client Component SSR]
    ./src/app/(storefront)/page.tsx [Server Component]

  Client Component Browser:
    ./src/features/inventory/components/InventoryTable.tsx [Client Component Browser]
    ./src/features/inventory/index.ts [Client Component Browser]
    ./src/features/catalog/components/ProductListIntegrated.tsx [Client Component Browser]
    ./src/features/catalog/components/index.ts [Client Component Browser]
    ./src/features/catalog/index.ts [Client Component Browser]
    ./src/features/engagement/components/MarketingHero.tsx [Client Component Browser]
    ./src/features/engagement/index.ts [Client Component Browser]
    ./src/features/auth/components/RegisterForm.tsx [Client Component Browser]
    ./src/features/auth/index.ts [Client Component Browser]
    ./src/app/(storefront)/layout.tsx [Client Component Browser]
    ./src/app/(storefront)/layout.tsx [Server Component] @ http://localhost:3001/_next/static/chunks/node_modules_next_dist_0u_w_5s._.js:1945
[ 2740785ms] [ERROR] ./src/features/inventory/components/InventoryTable.tsx:563:7
Expression expected
  561 |         if (valA > valB) return sortDirection === 'asc' ? 1 : -1;
  562 |         return <Badge variant="outline" className="bg-emerald-500/10 text-emerald-500 border-emerald-500/20 font-extrabold text-[10px]">COMPRA</Badge>;
> 563 |       case 'SALE':
      |       ^^^^
  564 |         return <Badge variant="outline" className="bg-blue-500/10 text-blue-500 border-blue-500/20 font-extrabold text-[10px]">VENTA</Badge>;
  565 |       case 'RETURN':
  566 |         return <Badge variant="outline" className="bg-purple-500/10 text-purple-500 border-purple-500/20 font-extrabold text-[10px]">RETORNO</Badge>;

Parsing ecmascript source code failed

Import traces:
  Client Component SSR:
    ./src/features/inventory/components/InventoryTable.tsx [Client Component SSR]
    ./src/features/inventory/index.ts [Client Component SSR]
    ./src/features/catalog/components/ProductListIntegrated.tsx [Client Component SSR]
    ./src/features/catalog/components/ProductListIntegrated.tsx [Server Component]
    ./src/app/(storefront)/catalog/page.tsx [Server Component]

  Client Component Browser:
    ./src/features/inventory/components/InventoryTable.tsx [Client Component Browser]
    ./src/features/inventory/index.ts [Client Component Browser]
    ./src/features/catalog/components/ProductListIntegrated.tsx [Client Component Browser]
    ./src/features/catalog/components/index.ts [Client Component Browser]
    ./src/features/catalog/index.ts [Client Component Browser]
    ./src/features/engagement/components/MarketingHero.tsx [Client Component Browser]
    ./src/features/engagement/index.ts [Client Component Browser]
    ./src/features/auth/components/RegisterForm.tsx [Client Component Browser]
    ./src/features/auth/index.ts [Client Component Browser]
    ./src/app/(storefront)/layout.tsx [Client Component Browser]
    ./src/app/(storefront)/layout.tsx [Server Component] @ http://localhost:3001/_next/static/chunks/node_modules_next_dist_0u_w_5s._.js:1945
[ 2740785ms] [ERROR] ./src/features/inventory/components/InventoryTable.tsx:563:7
Expression expected
  561 |         if (valA > valB) return sortDirection === 'asc' ? 1 : -1;
  562 |         return <Badge variant="outline" className="bg-emerald-500/10 text-emerald-500 border-emerald-500/20 font-extrabold text-[10px]">COMPRA</Badge>;
> 563 |       case 'SALE':
      |       ^^^^
  564 |         return <Badge variant="outline" className="bg-blue-500/10 text-blue-500 border-blue-500/20 font-extrabold text-[10px]">VENTA</Badge>;
  565 |       case 'RETURN':
  566 |         return <Badge variant="outline" className="bg-purple-500/10 text-purple-500 border-purple-500/20 font-extrabold text-[10px]">RETORNO</Badge>;

Parsing ecmascript source code failed

Import traces:
  Client Component SSR:
    ./src/features/inventory/components/InventoryTable.tsx [Client Component SSR]
    ./src/features/inventory/index.ts [Client Component SSR]
    ./src/app/(storefront)/catalog/[slug]/page.tsx [Client Component SSR]
    ./src/app/(storefront)/catalog/[slug]/page.tsx [Server Component]

  Client Component Browser:
    ./src/features/inventory/components/InventoryTable.tsx [Client Component Browser]
    ./src/features/inventory/index.ts [Client Component Browser]
    ./src/features/catalog/components/ProductListIntegrated.tsx [Client Component Browser]
    ./src/features/catalog/components/index.ts [Client Component Browser]
    ./src/features/catalog/index.ts [Client Component Browser]
    ./src/features/engagement/components/MarketingHero.tsx [Client Component Browser]
    ./src/features/engagement/index.ts [Client Component Browser]
    ./src/features/auth/components/RegisterForm.tsx [Client Component Browser]
    ./src/features/auth/index.ts [Client Component Browser]
    ./src/app/(storefront)/layout.tsx [Client Component Browser]
    ./src/app/(storefront)/layout.tsx [Server Component] @ http://localhost:3001/_next/static/chunks/node_modules_next_dist_0u_w_5s._.js:1945
[ 2740856ms] [ERROR] ./src/features/inventory/components/InventoryTable.tsx:563:7
Expression expected
  561 |         if (valA > valB) return sortDirection === 'asc' ? 1 : -1;
  562 |         return <Badge variant="outline" className="bg-emerald-500/10 text-emerald-500 border-emerald-500/20 font-extrabold text-[10px]">COMPRA</Badge>;
> 563 |       case 'SALE':
      |       ^^^^
  564 |         return <Badge variant="outline" className="bg-blue-500/10 text-blue-500 border-blue-500/20 font-extrabold text-[10px]">VENTA</Badge>;
  565 |       case 'RETURN':
  566 |         return <Badge variant="outline" className="bg-purple-500/10 text-purple-500 border-purple-500/20 font-extrabold text-[10px]">RETORNO</Badge>;

Parsing ecmascript source code failed

Import traces:
  Client Component SSR:
    ./src/features/inventory/components/InventoryTable.tsx [Client Component SSR]
    ./src/features/inventory/index.ts [Client Component SSR]
    ./src/app/(storefront)/components/UserDashboardDynamic.tsx [Client Component SSR]
    ./src/app/(storefront)/page.tsx [Client Component SSR]
    ./src/app/(storefront)/page.tsx [Server Component]

  Client Component Browser:
    ./src/features/inventory/components/InventoryTable.tsx [Client Component Browser]
    ./src/features/inventory/index.ts [Client Component Browser]
    ./src/features/catalog/components/ProductListIntegrated.tsx [Client Component Browser]
    ./src/features/catalog/components/index.ts [Client Component Browser]
    ./src/features/catalog/index.ts [Client Component Browser]
    ./src/features/engagement/components/MarketingHero.tsx [Client Component Browser]
    ./src/features/engagement/index.ts [Client Component Browser]
    ./src/features/auth/components/RegisterForm.tsx [Client Component Browser]
    ./src/features/auth/index.ts [Client Component Browser]
    ./src/app/(storefront)/layout.tsx [Client Component Browser]
    ./src/app/(storefront)/layout.tsx [Server Component] @ http://localhost:3001/_next/static/chunks/node_modules_next_dist_0u_w_5s._.js:1945
[ 2740937ms] [LOG] [Fast Refresh] rebuilding @ http://localhost:3001/_next/static/chunks/node_modules_next_dist_0u_w_5s._.js:1226
[ 2791748ms] [LOG] [Fast Refresh] rebuilding @ http://localhost:3001/_next/static/chunks/node_modules_next_dist_0u_w_5s._.js:1226
[ 2794162ms] [ERROR] ./src/features/inventory/components/InventoryTable.tsx:1415:1
Expected ',', got '<eof>'
  1413 |   );
  1414 | }
> 1415 |
       | ^

Parsing ecmascript source code failed

Import traces:
  Client Component SSR:
    ./src/features/inventory/components/InventoryTable.tsx [Client Component SSR]
    ./src/features/inventory/index.ts [Client Component SSR]
    ./src/app/(storefront)/components/UserDashboardDynamic.tsx [Client Component SSR]
    ./src/app/(storefront)/page.tsx [Client Component SSR]
    ./src/app/(storefront)/page.tsx [Server Component]

  Client Component Browser:
    ./src/features/inventory/components/InventoryTable.tsx [Client Component Browser]
    ./src/features/inventory/index.ts [Client Component Browser]
    ./src/features/catalog/components/ProductListIntegrated.tsx [Client Component Browser]
    ./src/features/catalog/components/index.ts [Client Component Browser]
    ./src/features/catalog/index.ts [Client Component Browser]
    ./src/features/engagement/components/MarketingHero.tsx [Client Component Browser]
    ./src/features/engagement/index.ts [Client Component Browser]
    ./src/features/auth/components/RegisterForm.tsx [Client Component Browser]
    ./src/features/auth/index.ts [Client Component Browser]
    ./src/app/(storefront)/layout.tsx [Client Component Browser]
    ./src/app/(storefront)/layout.tsx [Server Component] @ http://localhost:3001/_next/static/chunks/node_modules_next_dist_0u_w_5s._.js:1945
[ 2794234ms] [ERROR] ./src/features/inventory/components/InventoryTable.tsx:1415:1
Expected ',', got '<eof>'
  1413 |   );
  1414 | }
> 1415 |
       | ^

Parsing ecmascript source code failed

Import traces:
  Client Component SSR:
    ./src/features/inventory/components/InventoryTable.tsx [Client Component SSR]
    ./src/features/inventory/index.ts [Client Component SSR]
    ./src/app/(storefront)/components/UserDashboardDynamic.tsx [Client Component SSR]
    ./src/app/(storefront)/page.tsx [Client Component SSR]
    ./src/app/(storefront)/page.tsx [Server Component]

  Client Component Browser:
    ./src/features/inventory/components/InventoryTable.tsx [Client Component Browser]
    ./src/features/inventory/index.ts [Client Component Browser]
    ./src/features/catalog/components/ProductListIntegrated.tsx [Client Component Browser]
    ./src/features/catalog/components/index.ts [Client Component Browser]
    ./src/features/catalog/index.ts [Client Component Browser]
    ./src/features/engagement/components/MarketingHero.tsx [Client Component Browser]
    ./src/features/engagement/index.ts [Client Component Browser]
    ./src/features/auth/components/RegisterForm.tsx [Client Component Browser]
    ./src/features/auth/index.ts [Client Component Browser]
    ./src/app/(storefront)/layout.tsx [Client Component Browser]
    ./src/app/(storefront)/layout.tsx [Server Component] @ http://localhost:3001/_next/static/chunks/node_modules_next_dist_0u_w_5s._.js:1945
[ 2794275ms] [ERROR] ./src/features/inventory/components/InventoryTable.tsx:1415:1
Expected ',', got '<eof>'
  1413 |   );
  1414 | }
> 1415 |
       | ^

Parsing ecmascript source code failed

Import traces:
  Client Component SSR:
    ./src/features/inventory/components/InventoryTable.tsx [Client Component SSR]
    ./src/features/inventory/index.ts [Client Component SSR]
    ./src/app/(storefront)/components/UserDashboardDynamic.tsx [Client Component SSR]
    ./src/app/(storefront)/page.tsx [Client Component SSR]
    ./src/app/(storefront)/page.tsx [Server Component]

  Client Component Browser:
    ./src/features/inventory/components/InventoryTable.tsx [Client Component Browser]
    ./src/features/inventory/index.ts [Client Component Browser]
    ./src/features/catalog/components/ProductListIntegrated.tsx [Client Component Browser]
    ./src/features/catalog/components/index.ts [Client Component Browser]
    ./src/features/catalog/index.ts [Client Component Browser]
    ./src/features/engagement/components/MarketingHero.tsx [Client Component Browser]
    ./src/features/engagement/index.ts [Client Component Browser]
    ./src/features/auth/components/RegisterForm.tsx [Client Component Browser]
    ./src/features/auth/index.ts [Client Component Browser]
    ./src/app/(storefront)/layout.tsx [Client Component Browser]
    ./src/app/(storefront)/layout.tsx [Server Component] @ http://localhost:3001/_next/static/chunks/node_modules_next_dist_0u_w_5s._.js:1945
[ 2794293ms] [ERROR] Failed to load resource: the server responded with a status of 500 (Internal Server Error) @ http://localhost:3001/:0
[ 2794356ms] [INFO] %cDownload the React DevTools for a better development experience: https://react.dev/link/react-devtools font-weight:bold @ http://localhost:3001/_next/static/chunks/node_modules_react-dom_0bruynb._.js:15305
[ 2794380ms] Error: ./src/features/inventory/components/InventoryTable.tsx:1415:1
Expected ',', got '<eof>'
  1413 |   );
  1414 | }
> 1415 |
       | ^

Parsing ecmascript source code failed

Import traces:
  Client Component SSR:
    ./src/features/inventory/components/InventoryTable.tsx [Client Component SSR]
    ./src/features/inventory/index.ts [Client Component SSR]
    ./src/app/(storefront)/components/UserDashboardDynamic.tsx [Client Component SSR]
    ./src/app/(storefront)/page.tsx [Client Component SSR]
    ./src/app/(storefront)/page.tsx [Server Component]

  Client Component Browser:
    ./src/features/inventory/components/InventoryTable.tsx [Client Component Browser]
    ./src/features/inventory/index.ts [Client Component Browser]
    ./src/features/catalog/components/ProductListIntegrated.tsx [Client Component Browser]
    ./src/features/catalog/components/index.ts [Client Component Browser]
    ./src/features/catalog/index.ts [Client Component Browser]
    ./src/features/engagement/components/MarketingHero.tsx [Client Component Browser]
    ./src/features/engagement/index.ts [Client Component Browser]
    ./src/features/auth/components/RegisterForm.tsx [Client Component Browser]
    ./src/features/auth/index.ts [Client Component Browser]
    ./src/app/(storefront)/layout.tsx [Client Component Browser]
    ./src/app/(storefront)/layout.tsx [Server Component]


    at <unknown> (Error: ./src/features/inventory/components/InventoryTable.tsx:1415:1)
    at Object.getCompilationErrors (file://D:\DD\frontend\node_modules\next\dist\server\dev\hot-reloader-turbopack.js:1186:59)
    at DevBundlerService.getCompilationError (file://D:\DD\frontend\node_modules\next\dist\server\lib\dev-bundler-service.js:44:55)
    at DevServer.getCompilationError (file://D:\DD\frontend\node_modules\next\dist\server\dev\next-dev-server.js:720:42)
    at DevServer.findPageComponents (file://D:\DD\frontend\node_modules\next\dist\server\dev\next-dev-server.js:690:43)
    at async DevServer.renderErrorToResponseImpl (file://D:\DD\frontend\node_modules\next\dist\server\base-server.js:1753:26)
[ 2794386ms] [LOG] [HMR] connected @ http://localhost:3001/_next/static/chunks/node_modules_next_dist_0u_w_5s._.js:1226
[ 2794395ms] [ERROR] ./src/features/inventory/components/InventoryTable.tsx:1415:1
Expected ',', got '<eof>'
  1413 |   );
  1414 | }
> 1415 |
       | ^

Parsing ecmascript source code failed

Import traces:
  Client Component SSR:
    ./src/features/inventory/components/InventoryTable.tsx [Client Component SSR]
    ./src/features/inventory/index.ts [Client Component SSR]
    ./src/app/(storefront)/components/UserDashboardDynamic.tsx [Client Component SSR]
    ./src/app/(storefront)/page.tsx [Client Component SSR]
    ./src/app/(storefront)/page.tsx [Server Component]

  Client Component Browser:
    ./src/features/inventory/components/InventoryTable.tsx [Client Component Browser]
    ./src/features/inventory/index.ts [Client Component Browser]
    ./src/features/catalog/components/ProductListIntegrated.tsx [Client Component Browser]
    ./src/features/catalog/components/index.ts [Client Component Browser]
    ./src/features/catalog/index.ts [Client Component Browser]
    ./src/features/engagement/components/MarketingHero.tsx [Client Component Browser]
    ./src/features/engagement/index.ts [Client Component Browser]
    ./src/features/auth/components/RegisterForm.tsx [Client Component Browser]
    ./src/features/auth/index.ts [Client Component Browser]
    ./src/app/(storefront)/layout.tsx [Client Component Browser]
    ./src/app/(storefront)/layout.tsx [Server Component] @ http://localhost:3001/_next/static/chunks/node_modules_next_dist_0u_w_5s._.js:1945
[ 2794395ms] [ERROR] ./src/features/inventory/components/InventoryTable.tsx:1415:1
Expected ',', got '<eof>'
  1413 |   );
  1414 | }
> 1415 |
       | ^

Parsing ecmascript source code failed

Import traces:
  Client Component SSR:
    ./src/features/inventory/components/InventoryTable.tsx [Client Component SSR]
    ./src/features/inventory/index.ts [Client Component SSR]
    ./src/features/catalog/components/ProductListIntegrated.tsx [Client Component SSR]
    ./src/features/catalog/components/ProductListIntegrated.tsx [Server Component]
    ./src/app/(storefront)/catalog/page.tsx [Server Component]

  Client Component Browser:
    ./src/features/inventory/components/InventoryTable.tsx [Client Component Browser]
    ./src/features/inventory/index.ts [Client Component Browser]
    ./src/features/catalog/components/ProductListIntegrated.tsx [Client Component Browser]
    ./src/features/catalog/components/index.ts [Client Component Browser]
    ./src/features/catalog/index.ts [Client Component Browser]
    ./src/features/engagement/components/MarketingHero.tsx [Client Component Browser]
    ./src/features/engagement/index.ts [Client Component Browser]
    ./src/features/auth/components/RegisterForm.tsx [Client Component Browser]
    ./src/features/auth/index.ts [Client Component Browser]
    ./src/app/(storefront)/layout.tsx [Client Component Browser]
    ./src/app/(storefront)/layout.tsx [Server Component] @ http://localhost:3001/_next/static/chunks/node_modules_next_dist_0u_w_5s._.js:1945
[ 2794395ms] [ERROR] ./src/features/inventory/components/InventoryTable.tsx:1415:1
Expected ',', got '<eof>'
  1413 |   );
  1414 | }
> 1415 |
       | ^

Parsing ecmascript source code failed

Import traces:
  Client Component SSR:
    ./src/features/inventory/components/InventoryTable.tsx [Client Component SSR]
    ./src/features/inventory/index.ts [Client Component SSR]
    ./src/app/(storefront)/catalog/[slug]/page.tsx [Client Component SSR]
    ./src/app/(storefront)/catalog/[slug]/page.tsx [Server Component]

  Client Component Browser:
    ./src/features/inventory/components/InventoryTable.tsx [Client Component Browser]
    ./src/features/inventory/index.ts [Client Component Browser]
    ./src/features/catalog/components/ProductListIntegrated.tsx [Client Component Browser]
    ./src/features/catalog/components/index.ts [Client Component Browser]
    ./src/features/catalog/index.ts [Client Component Browser]
    ./src/features/engagement/components/MarketingHero.tsx [Client Component Browser]
    ./src/features/engagement/index.ts [Client Component Browser]
    ./src/features/auth/components/RegisterForm.tsx [Client Component Browser]
    ./src/features/auth/index.ts [Client Component Browser]
    ./src/app/(storefront)/layout.tsx [Client Component Browser]
    ./src/app/(storefront)/layout.tsx [Server Component] @ http://localhost:3001/_next/static/chunks/node_modules_next_dist_0u_w_5s._.js:1945
[ 2794461ms] [ERROR] ./src/features/inventory/components/InventoryTable.tsx:1415:1
Expected ',', got '<eof>'
  1413 |   );
  1414 | }
> 1415 |
       | ^

Parsing ecmascript source code failed

Import traces:
  Client Component SSR:
    ./src/features/inventory/components/InventoryTable.tsx [Client Component SSR]
    ./src/features/inventory/index.ts [Client Component SSR]
    ./src/app/(storefront)/components/UserDashboardDynamic.tsx [Client Component SSR]
    ./src/app/(storefront)/page.tsx [Client Component SSR]
    ./src/app/(storefront)/page.tsx [Server Component]

  Client Component Browser:
    ./src/features/inventory/components/InventoryTable.tsx [Client Component Browser]
    ./src/features/inventory/index.ts [Client Component Browser]
    ./src/features/catalog/components/ProductListIntegrated.tsx [Client Component Browser]
    ./src/features/catalog/components/index.ts [Client Component Browser]
    ./src/features/catalog/index.ts [Client Component Browser]
    ./src/features/engagement/components/MarketingHero.tsx [Client Component Browser]
    ./src/features/engagement/index.ts [Client Component Browser]
    ./src/features/auth/components/RegisterForm.tsx [Client Component Browser]
    ./src/features/auth/index.ts [Client Component Browser]
    ./src/app/(storefront)/layout.tsx [Client Component Browser]
    ./src/app/(storefront)/layout.tsx [Server Component] @ http://localhost:3001/_next/static/chunks/node_modules_next_dist_0u_w_5s._.js:1945
[ 2794535ms] [LOG] [Fast Refresh] rebuilding @ http://localhost:3001/_next/static/chunks/node_modules_next_dist_0u_w_5s._.js:1226
[ 2891326ms] [ERROR] Failed to load resource: the server responded with a status of 500 (Internal Server Error) @ http://localhost:3001/:0
[ 2891376ms] [INFO] %cDownload the React DevTools for a better development experience: https://react.dev/link/react-devtools font-weight:bold @ http://localhost:3001/_next/static/chunks/node_modules_react-dom_0bruynb._.js:15305
[ 2891389ms] Error: ./src/features/inventory/components/InventoryTable.tsx:1415:1
Expected ',', got '<eof>'
  1413 |   );
  1414 | }
> 1415 |
       | ^

Parsing ecmascript source code failed

Import traces:
  Client Component SSR:
    ./src/features/inventory/components/InventoryTable.tsx [Client Component SSR]
    ./src/features/inventory/index.ts [Client Component SSR]
    ./src/app/(storefront)/components/UserDashboardDynamic.tsx [Client Component SSR]
    ./src/app/(storefront)/page.tsx [Client Component SSR]
    ./src/app/(storefront)/page.tsx [Server Component]

  Client Component Browser:
    ./src/features/inventory/components/InventoryTable.tsx [Client Component Browser]
    ./src/features/inventory/index.ts [Client Component Browser]
    ./src/features/catalog/components/ProductListIntegrated.tsx [Client Component Browser]
    ./src/features/catalog/components/index.ts [Client Component Browser]
    ./src/features/catalog/index.ts [Client Component Browser]
    ./src/features/engagement/components/MarketingHero.tsx [Client Component Browser]
    ./src/features/engagement/index.ts [Client Component Browser]
    ./src/features/auth/components/RegisterForm.tsx [Client Component Browser]
    ./src/features/auth/index.ts [Client Component Browser]
    ./src/app/(storefront)/layout.tsx [Client Component Browser]
    ./src/app/(storefront)/layout.tsx [Server Component]


    at <unknown> (Error: ./src/features/inventory/components/InventoryTable.tsx:1415:1)
    at Object.getCompilationErrors (file://D:\DD\frontend\node_modules\next\dist\server\dev\hot-reloader-turbopack.js:1186:59)
    at DevBundlerService.getCompilationError (file://D:\DD\frontend\node_modules\next\dist\server\lib\dev-bundler-service.js:44:55)
    at DevServer.getCompilationError (file://D:\DD\frontend\node_modules\next\dist\server\dev\next-dev-server.js:720:42)
    at DevServer.findPageComponents (file://D:\DD\frontend\node_modules\next\dist\server\dev\next-dev-server.js:690:43)
    at async DevServer.renderErrorToResponseImpl (file://D:\DD\frontend\node_modules\next\dist\server\base-server.js:1753:26)
[ 2891395ms] [LOG] [HMR] connected @ http://localhost:3001/_next/static/chunks/node_modules_next_dist_0u_w_5s._.js:1226
[ 2891407ms] [ERROR] ./src/features/inventory/components/InventoryTable.tsx:1415:1
Expected ',', got '<eof>'
  1413 |   );
  1414 | }
> 1415 |
       | ^

Parsing ecmascript source code failed

Import traces:
  Client Component SSR:
    ./src/features/inventory/components/InventoryTable.tsx [Client Component SSR]
    ./src/features/inventory/index.ts [Client Component SSR]
    ./src/app/(storefront)/components/UserDashboardDynamic.tsx [Client Component SSR]
    ./src/app/(storefront)/page.tsx [Client Component SSR]
    ./src/app/(storefront)/page.tsx [Server Component]

  Client Component Browser:
    ./src/features/inventory/components/InventoryTable.tsx [Client Component Browser]
    ./src/features/inventory/index.ts [Client Component Browser]
    ./src/features/catalog/components/ProductListIntegrated.tsx [Client Component Browser]
    ./src/features/catalog/components/index.ts [Client Component Browser]
    ./src/features/catalog/index.ts [Client Component Browser]
    ./src/features/engagement/components/MarketingHero.tsx [Client Component Browser]
    ./src/features/engagement/index.ts [Client Component Browser]
    ./src/features/auth/components/RegisterForm.tsx [Client Component Browser]
    ./src/features/auth/index.ts [Client Component Browser]
    ./src/app/(storefront)/layout.tsx [Client Component Browser]
    ./src/app/(storefront)/layout.tsx [Server Component] @ http://localhost:3001/_next/static/chunks/node_modules_next_dist_0u_w_5s._.js:1945
[ 2891407ms] [ERROR] ./src/features/inventory/components/InventoryTable.tsx:1415:1
Expected ',', got '<eof>'
  1413 |   );
  1414 | }
> 1415 |
       | ^

Parsing ecmascript source code failed

Import traces:
  Client Component SSR:
    ./src/features/inventory/components/InventoryTable.tsx [Client Component SSR]
    ./src/features/inventory/index.ts [Client Component SSR]
    ./src/features/catalog/components/ProductListIntegrated.tsx [Client Component SSR]
    ./src/features/catalog/components/ProductListIntegrated.tsx [Server Component]
    ./src/app/(storefront)/catalog/page.tsx [Server Component]

  Client Component Browser:
    ./src/features/inventory/components/InventoryTable.tsx [Client Component Browser]
    ./src/features/inventory/index.ts [Client Component Browser]
    ./src/features/catalog/components/ProductListIntegrated.tsx [Client Component Browser]
    ./src/features/catalog/components/index.ts [Client Component Browser]
    ./src/features/catalog/index.ts [Client Component Browser]
    ./src/features/engagement/components/MarketingHero.tsx [Client Component Browser]
    ./src/features/engagement/index.ts [Client Component Browser]
    ./src/features/auth/components/RegisterForm.tsx [Client Component Browser]
    ./src/features/auth/index.ts [Client Component Browser]
    ./src/app/(storefront)/layout.tsx [Client Component Browser]
    ./src/app/(storefront)/layout.tsx [Server Component] @ http://localhost:3001/_next/static/chunks/node_modules_next_dist_0u_w_5s._.js:1945
[ 2891407ms] [ERROR] ./src/features/inventory/components/InventoryTable.tsx:1415:1
Expected ',', got '<eof>'
  1413 |   );
  1414 | }
> 1415 |
       | ^

Parsing ecmascript source code failed

Import traces:
  Client Component SSR:
    ./src/features/inventory/components/InventoryTable.tsx [Client Component SSR]
    ./src/features/inventory/index.ts [Client Component SSR]
    ./src/app/(storefront)/catalog/[slug]/page.tsx [Client Component SSR]
    ./src/app/(storefront)/catalog/[slug]/page.tsx [Server Component]

  Client Component Browser:
    ./src/features/inventory/components/InventoryTable.tsx [Client Component Browser]
    ./src/features/inventory/index.ts [Client Component Browser]
    ./src/features/catalog/components/ProductListIntegrated.tsx [Client Component Browser]
    ./src/features/catalog/components/index.ts [Client Component Browser]
    ./src/features/catalog/index.ts [Client Component Browser]
    ./src/features/engagement/components/MarketingHero.tsx [Client Component Browser]
    ./src/features/engagement/index.ts [Client Component Browser]
    ./src/features/auth/components/RegisterForm.tsx [Client Component Browser]
    ./src/features/auth/index.ts [Client Component Browser]
    ./src/app/(storefront)/layout.tsx [Client Component Browser]
    ./src/app/(storefront)/layout.tsx [Server Component] @ http://localhost:3001/_next/static/chunks/node_modules_next_dist_0u_w_5s._.js:1945
[ 2891483ms] [ERROR] ./src/features/inventory/components/InventoryTable.tsx:1415:1
Expected ',', got '<eof>'
  1413 |   );
  1414 | }
> 1415 |
       | ^

Parsing ecmascript source code failed

Import traces:
  Client Component SSR:
    ./src/features/inventory/components/InventoryTable.tsx [Client Component SSR]
    ./src/features/inventory/index.ts [Client Component SSR]
    ./src/app/(storefront)/components/UserDashboardDynamic.tsx [Client Component SSR]
    ./src/app/(storefront)/page.tsx [Client Component SSR]
    ./src/app/(storefront)/page.tsx [Server Component]

  Client Component Browser:
    ./src/features/inventory/components/InventoryTable.tsx [Client Component Browser]
    ./src/features/inventory/index.ts [Client Component Browser]
    ./src/features/catalog/components/ProductListIntegrated.tsx [Client Component Browser]
    ./src/features/catalog/components/index.ts [Client Component Browser]
    ./src/features/catalog/index.ts [Client Component Browser]
    ./src/features/engagement/components/MarketingHero.tsx [Client Component Browser]
    ./src/features/engagement/index.ts [Client Component Browser]
    ./src/features/auth/components/RegisterForm.tsx [Client Component Browser]
    ./src/features/auth/index.ts [Client Component Browser]
    ./src/app/(storefront)/layout.tsx [Client Component Browser]
    ./src/app/(storefront)/layout.tsx [Server Component] @ http://localhost:3001/_next/static/chunks/node_modules_next_dist_0u_w_5s._.js:1945
[ 2891539ms] [LOG] [Fast Refresh] rebuilding @ http://localhost:3001/_next/static/chunks/node_modules_next_dist_0u_w_5s._.js:1226
[ 2918069ms] [LOG] [Fast Refresh] rebuilding @ http://localhost:3001/_next/static/chunks/node_modules_next_dist_0u_w_5s._.js:1226
[ 2920364ms] [LOG] [Fast Refresh] done in 2395ms @ http://localhost:3001/_next/static/chunks/node_modules_next_dist_0u_w_5s._.js:1226
[ 2920854ms] [LOG] [Fast Refresh] rebuilding @ http://localhost:3001/_next/static/chunks/node_modules_next_dist_0u_w_5s._.js:1226
[ 2920943ms] [LOG] [Fast Refresh] done in 193ms @ http://localhost:3001/_next/static/chunks/node_modules_next_dist_0u_w_5s._.js:1226
[ 2921253ms] [INFO] %cDownload the React DevTools for a better development experience: https://react.dev/link/react-devtools font-weight:bold @ http://localhost:3001/_next/static/chunks/node_modules_next_dist_0ifwd0~._.js:2971
[ 2921281ms] [LOG] [HMR] connected @ http://localhost:3001/_next/static/chunks/node_modules_next_dist_0ifwd0~._.js:2971
[ 2921349ms] [LOG] 🔌 [API Client] Conectado a API_BASE_URL: http://localhost:3000/api/v1 @ http://localhost:3001/_next/static/chunks/node_modules_next_dist_0ifwd0~._.js:2971
[ 2921444ms] [LOG] [Fast Refresh] rebuilding @ http://localhost:3001/_next/static/chunks/node_modules_next_dist_0ifwd0~._.js:2971
[ 2921450ms] [LOG] [Fast Refresh] done in 118ms @ http://localhost:3001/_next/static/chunks/node_modules_next_dist_0ifwd0~._.js:2971
[ 2966606ms] [LOG] [Fast Refresh] rebuilding @ http://localhost:3001/_next/static/chunks/node_modules_next_dist_0ifwd0~._.js:2971
[ 2968304ms] [LOG] [Fast Refresh] done in 1795ms @ http://localhost:3001/_next/static/chunks/node_modules_next_dist_0ifwd0~._.js:2971
[ 2968407ms] [LOG] [Fast Refresh] rebuilding @ http://localhost:3001/_next/static/chunks/node_modules_next_dist_0ifwd0~._.js:2971
[ 2968415ms] [LOG] [Fast Refresh] done in 109ms @ http://localhost:3001/_next/static/chunks/node_modules_next_dist_0ifwd0~._.js:2971
[ 3005479ms] [LOG] [Fast Refresh] rebuilding @ http://localhost:3001/_next/static/chunks/node_modules_next_dist_0ifwd0~._.js:2971
[ 3005851ms] [LOG] [Fast Refresh] done in 472ms @ http://localhost:3001/_next/static/chunks/node_modules_next_dist_0ifwd0~._.js:2971
[ 3006062ms] [LOG] [Fast Refresh] rebuilding @ http://localhost:3001/_next/static/chunks/node_modules_next_dist_0ifwd0~._.js:2971
[ 3006426ms] [LOG] [Fast Refresh] done in 472ms @ http://localhost:3001/_next/static/chunks/node_modules_next_dist_0ifwd0~._.js:2971
[ 3006504ms] [LOG] THREE.WebGLRenderer: Context Lost. @ http://localhost:3001/_next/static/chunks/node_modules_next_dist_0ifwd0~._.js:2971
